No.,Position-X,Position-Y,GESAMTB,3450_BIN,3450
1,1,1,1,0,1
2,2,1,1,0,1
3,3,1,1,0,1
4,4,1,1,0,1
5,5,1,1,0,1
6,6,1,1,0,1
7,7,1,1,0,1
8,8,1,1,0,1
9,9,1,1,0,1
10,10,1,1,0,1
11,11,1,1,0,1
12,12,1,1,0,1
13,13,1,1,0,1
14,14,1,1,0,1
15,15,1,1,0,1
16,16,1,1,0,1
17,17,1,1,0,1
18,18,1,0,PREVIOUS FAILED,PREVIOUS FAILED
19,19,1,1,0,1
20,20,1,1,0,1
21,21,1,1,0,1
22,22,1,1,0,1
23,23,1,1,0,1
24,24,1,1,0,1
25,25,1,1,0,1
26,26,1,1,0,1
27,27,1,1,0,1
28,28,1,1,0,1
29,29,1,1,0,1
30,30,1,1,0,1
31,31,1,1,0,1
32,32,1,1,0,1
33,33,1,1,0,1
34,34,1,1,0,1
35,35,1,1,0,1
36,36,1,1,0,1
37,37,1,1,0,1
38,38,1,1,0,1
39,39,1,1,0,1
40,40,1,1,0,1
41,41,1,1,0,1
42,42,1,1,0,1
43,43,1,1,0,1
44,44,1,1,0,1
45,45,1,1,0,1
46,46,1,1,0,1
47,47,1,1,0,1
48,48,1,1,0,1
49,49,1,1,0,1
50,50,1,0,PREVIOUS FAILED,PREVIOUS FAILED
51,51,1,1,0,1
52,52,1,1,0,1
53,53,1,1,0,1
54,54,1,1,0,1
55,55,1,1,0,1
56,56,1,1,0,1
57,57,1,0,PREVIOUS FAILED,PREVIOUS FAILED
58,58,1,0,PREVIOUS FAILED,PREVIOUS FAILED
59,59,1,0,PREVIOUS FAILED,PREVIOUS FAILED
60,60,1,0,PREVIOUS FAILED,PREVIOUS FAILED
61,61,1,1,0,1
62,62,1,1,0,1
63,1,2,1,0,1
64,2,2,1,0,1
65,3,2,1,0,1
66,4,2,0,PREVIOUS FAILED,PREVIOUS FAILED
67,5,2,1,0,1
68,6,2,1,0,1
69,7,2,1,0,1
70,8,2,1,0,1
71,9,2,1,0,1
72,10,2,1,0,1
73,11,2,1,0,1
74,12,2,1,0,1
75,13,2,1,0,1
76,14,2,1,0,1
77,15,2,1,0,1
78,16,2,1,0,1
79,17,2,1,0,1
80,18,2,1,0,1
81,19,2,1,0,1
82,20,2,1,0,1
83,21,2,1,0,1
84,22,2,1,0,1
85,23,2,1,0,1
86,24,2,1,0,1
87,25,2,1,0,1
88,26,2,1,0,1
89,27,2,1,0,1
90,28,2,1,0,1
91,29,2,1,0,1
92,30,2,0,PREVIOUS FAILED,PREVIOUS FAILED
93,31,2,1,0,1
94,32,2,1,0,1
95,33,2,0,18,0
96,34,2,1,0,1
97,35,2,1,0,1
98,36,2,1,0,1
99,37,2,1,0,1
100,38,2,1,0,1
101,39,2,1,0,1
102,40,2,1,0,1
103,41,2,1,0,1
104,42,2,1,0,1
105,43,2,1,0,1
106,44,2,1,0,1
107,45,2,1,0,1
108,46,2,1,0,1
109,47,2,1,0,1
110,48,2,1,0,1
111,49,2,1,0,1
112,50,2,0,PREVIOUS FAILED,PREVIOUS FAILED
113,51,2,1,0,1
114,52,2,1,0,1
115,53,2,1,0,1
116,54,2,1,0,1
117,55,2,1,0,1
118,56,2,1,0,1
119,57,2,0,PREVIOUS FAILED,PREVIOUS FAILED
120,58,2,0,PREVIOUS FAILED,PREVIOUS FAILED
121,59,2,0,PREVIOUS FAILED,PREVIOUS FAILED
122,60,2,0,PREVIOUS FAILED,PREVIOUS FAILED
123,61,2,1,0,1
124,62,2,1,0,1
125,1,3,1,0,1
126,2,3,1,0,1
127,3,3,0,PREVIOUS FAILED,PREVIOUS FAILED
128,4,3,1,0,1
129,5,3,1,0,1
130,6,3,1,0,1
131,7,3,1,0,1
132,8,3,1,0,1
133,9,3,1,0,1
134,10,3,1,0,1
135,11,3,1,0,1
136,12,3,1,0,1
137,13,3,1,0,1
138,14,3,1,0,1
139,15,3,1,0,1
140,16,3,1,0,1
141,17,3,1,0,1
142,18,3,1,0,1
143,19,3,1,0,1
144,20,3,1,0,1
145,21,3,1,0,1
146,22,3,1,0,1
147,23,3,1,0,1
148,24,3,1,0,1
149,25,3,1,0,1
150,26,3,1,0,1
151,27,3,1,0,1
152,28,3,1,0,1
153,29,3,0,PREVIOUS FAILED,PREVIOUS FAILED
154,30,3,1,0,1
155,31,3,1,0,1
156,32,3,1,0,1
157,33,3,1,0,1
158,34,3,1,0,1
159,35,3,1,0,1
160,36,3,0,PREVIOUS FAILED,PREVIOUS FAILED
161,37,3,0,PREVIOUS FAILED,PREVIOUS FAILED
162,38,3,1,0,1
163,39,3,1,0,1
164,40,3,1,0,1
165,41,3,1,0,1
166,42,3,1,0,1
167,43,3,0,PREVIOUS FAILED,PREVIOUS FAILED
168,44,3,1,0,1
169,45,3,1,0,1
170,46,3,1,0,1
171,47,3,1,0,1
172,48,3,1,0,1
173,49,3,1,0,1
174,50,3,0,PREVIOUS FAILED,PREVIOUS FAILED
175,51,3,1,0,1
176,52,3,0,PREVIOUS FAILED,PREVIOUS FAILED
177,53,3,0,PREVIOUS FAILED,PREVIOUS FAILED
178,54,3,0,PREVIOUS FAILED,PREVIOUS FAILED
179,55,3,0,PREVIOUS FAILED,PREVIOUS FAILED
180,56,3,0,PREVIOUS FAILED,PREVIOUS FAILED
181,57,3,0,PREVIOUS FAILED,PREVIOUS FAILED
182,58,3,0,PREVIOUS FAILED,PREVIOUS FAILED
183,59,3,0,PREVIOUS FAILED,PREVIOUS FAILED
184,60,3,0,PREVIOUS FAILED,PREVIOUS FAILED
185,61,3,1,0,1
186,62,3,1,0,1
187,1,4,1,0,1
188,2,4,1,0,1
189,3,4,1,0,1
190,4,4,1,0,1
191,5,4,1,0,1
192,6,4,1,0,1
193,7,4,1,0,1
194,8,4,1,0,1
195,9,4,1,0,1
196,10,4,1,0,1
197,11,4,1,0,1
198,12,4,1,0,1
199,13,4,1,0,1
200,14,4,1,0,1
201,15,4,0,PREVIOUS FAILED,PREVIOUS FAILED
202,16,4,1,0,1
203,17,4,1,0,1
204,18,4,1,0,1
205,19,4,1,0,1
206,20,4,1,0,1
207,21,4,1,0,1
208,22,4,1,0,1
209,23,4,1,0,1
210,24,4,1,0,1
211,25,4,0,PREVIOUS FAILED,PREVIOUS FAILED
212,26,4,0,PREVIOUS FAILED,PREVIOUS FAILED
213,27,4,1,0,1
214,28,4,1,0,1
215,29,4,0,PREVIOUS FAILED,PREVIOUS FAILED
216,30,4,0,PREVIOUS FAILED,PREVIOUS FAILED
217,31,4,0,PREVIOUS FAILED,PREVIOUS FAILED
218,32,4,0,PREVIOUS FAILED,PREVIOUS FAILED
219,33,4,1,0,1
220,34,4,1,0,1
221,35,4,1,0,1
222,36,4,0,PREVIOUS FAILED,PREVIOUS FAILED
223,37,4,1,0,1
224,38,4,1,0,1
225,39,4,1,0,1
226,40,4,1,0,1
227,41,4,1,0,1
228,42,4,1,0,1
229,43,4,0,PREVIOUS FAILED,PREVIOUS FAILED
230,44,4,1,0,1
231,45,4,1,0,1
232,46,4,1,0,1
233,47,4,1,0,1
234,48,4,1,0,1
235,49,4,1,0,1
236,50,4,1,0,1
237,51,4,1,0,1
238,52,4,1,0,1
239,53,4,1,0,1
240,54,4,1,0,1
241,55,4,0,PREVIOUS FAILED,PREVIOUS FAILED
242,56,4,1,0,1
243,57,4,0,PREVIOUS FAILED,PREVIOUS FAILED
244,58,4,0,PREVIOUS FAILED,PREVIOUS FAILED
245,59,4,0,PREVIOUS FAILED,PREVIOUS FAILED
246,60,4,0,PREVIOUS FAILED,PREVIOUS FAILED
247,61,4,0,PREVIOUS FAILED,PREVIOUS FAILED
248,62,4,1,0,1
249,1,5,1,0,1
250,2,5,1,0,1
251,3,5,1,0,1
252,4,5,1,0,1
253,5,5,1,0,1
254,6,5,1,0,1
255,7,5,1,0,1
256,8,5,1,0,1
257,9,5,1,0,1
258,10,5,1,0,1
259,11,5,0,PREVIOUS FAILED,PREVIOUS FAILED
260,12,5,0,PREVIOUS FAILED,PREVIOUS FAILED
261,13,5,1,0,1
262,14,5,1,0,1
263,15,5,1,0,1
264,16,5,1,0,1
265,17,5,1,0,1
266,18,5,1,0,1
267,19,5,1,0,1
268,20,5,1,0,1
269,21,5,0,PREVIOUS FAILED,PREVIOUS FAILED
270,22,5,0,PREVIOUS FAILED,PREVIOUS FAILED
271,23,5,1,0,1
272,24,5,1,0,1
273,25,5,0,PREVIOUS FAILED,PREVIOUS FAILED
274,26,5,1,0,1
275,27,5,1,0,1
276,28,5,1,0,1
277,29,5,1,0,1
278,30,5,1,0,1
279,31,5,1,0,1
280,32,5,0,PREVIOUS FAILED,PREVIOUS FAILED
281,33,5,1,0,1
282,34,5,1,0,1
283,35,5,1,0,1
284,36,5,1,0,1
285,37,5,1,0,1
286,38,5,1,0,1
287,39,5,1,0,1
288,40,5,1,0,1
289,41,5,1,0,1
290,42,5,1,0,1
291,43,5,1,0,1
292,44,5,0,PREVIOUS FAILED,PREVIOUS FAILED
293,45,5,0,PREVIOUS FAILED,PREVIOUS FAILED
294,46,5,1,0,1
295,47,5,1,0,1
296,48,5,1,0,1
297,49,5,0,PREVIOUS FAILED,PREVIOUS FAILED
298,50,5,0,PREVIOUS FAILED,PREVIOUS FAILED
299,51,5,1,0,1
300,52,5,1,0,1
301,53,5,1,0,1
302,54,5,1,0,1
303,55,5,1,0,1
304,56,5,0,PREVIOUS FAILED,PREVIOUS FAILED
305,57,5,0,PREVIOUS FAILED,PREVIOUS FAILED
306,58,5,0,PREVIOUS FAILED,PREVIOUS FAILED
307,59,5,0,PREVIOUS FAILED,PREVIOUS FAILED
308,60,5,0,PREVIOUS FAILED,PREVIOUS FAILED
309,61,5,0,PREVIOUS FAILED,PREVIOUS FAILED
310,62,5,1,0,1
311,1,6,1,0,1
312,2,6,1,0,1
313,3,6,1,0,1
314,4,6,1,0,1
315,5,6,1,0,1
316,6,6,1,0,1
317,7,6,0,PREVIOUS FAILED,PREVIOUS FAILED
318,8,6,1,0,1
319,9,6,1,0,1
320,10,6,1,0,1
321,11,6,0,PREVIOUS FAILED,PREVIOUS FAILED
322,12,6,1,0,1
323,13,6,1,0,1
324,14,6,1,0,1
325,15,6,1,0,1
326,16,6,1,0,1
327,17,6,1,0,1
328,18,6,1,0,1
329,19,6,1,0,1
330,20,6,1,0,1
331,21,6,0,PREVIOUS FAILED,PREVIOUS FAILED
332,22,6,1,0,1
333,23,6,1,0,1
334,24,6,0,PREVIOUS FAILED,PREVIOUS FAILED
335,25,6,0,PREVIOUS FAILED,PREVIOUS FAILED
336,26,6,0,PREVIOUS FAILED,PREVIOUS FAILED
337,27,6,0,PREVIOUS FAILED,PREVIOUS FAILED
338,28,6,1,0,1
339,29,6,1,0,1
340,30,6,0,PREVIOUS FAILED,PREVIOUS FAILED
341,31,6,0,PREVIOUS FAILED,PREVIOUS FAILED
342,32,6,1,0,1
343,33,6,1,0,1
344,34,6,1,0,1
345,35,6,1,0,1
346,36,6,1,0,1
347,37,6,1,0,1
348,38,6,1,0,1
349,39,6,1,0,1
350,40,6,1,0,1
351,41,6,1,0,1
352,42,6,1,0,1
353,43,6,1,0,1
354,44,6,1,0,1
355,45,6,1,0,1
356,46,6,1,0,1
357,47,6,1,0,1
358,48,6,1,0,1
359,49,6,1,0,1
360,50,6,1,0,1
361,51,6,1,0,1
362,52,6,1,0,1
363,53,6,1,0,1
364,54,6,1,0,1
365,55,6,1,0,1
366,56,6,0,PREVIOUS FAILED,PREVIOUS FAILED
367,57,6,0,PREVIOUS FAILED,PREVIOUS FAILED
368,58,6,0,PREVIOUS FAILED,PREVIOUS FAILED
369,59,6,0,PREVIOUS FAILED,PREVIOUS FAILED
370,60,6,0,PREVIOUS FAILED,PREVIOUS FAILED
371,61,6,0,PREVIOUS FAILED,PREVIOUS FAILED
372,62,6,1,0,1
373,1,7,1,0,1
374,2,7,1,0,1
375,3,7,1,0,1
376,4,7,1,0,1
377,5,7,1,0,1
378,6,7,1,0,1
379,7,7,1,0,1
380,8,7,0,PREVIOUS FAILED,PREVIOUS FAILED
381,9,7,1,0,1
382,10,7,1,0,1
383,11,7,1,0,1
384,12,7,1,0,1
385,13,7,1,0,1
386,14,7,1,0,1
387,15,7,1,0,1
388,16,7,1,0,1
389,17,7,0,PREVIOUS FAILED,PREVIOUS FAILED
390,18,7,0,PREVIOUS FAILED,PREVIOUS FAILED
391,19,7,0,PREVIOUS FAILED,PREVIOUS FAILED
392,20,7,0,PREVIOUS FAILED,PREVIOUS FAILED
393,21,7,0,PREVIOUS FAILED,PREVIOUS FAILED
394,22,7,1,0,1
395,23,7,1,0,1
396,24,7,1,0,1
397,25,7,1,0,1
398,26,7,1,0,1
399,27,7,0,PREVIOUS FAILED,PREVIOUS FAILED
400,28,7,1,0,1
401,29,7,1,0,1
402,30,7,1,0,1
403,31,7,1,0,1
404,32,7,1,0,1
405,33,7,1,0,1
406,34,7,1,0,1
407,35,7,0,PREVIOUS FAILED,PREVIOUS FAILED
408,36,7,0,PREVIOUS FAILED,PREVIOUS FAILED
409,37,7,1,0,1
410,38,7,1,0,1
411,39,7,0,PREVIOUS FAILED,PREVIOUS FAILED
412,40,7,1,0,1
413,41,7,1,0,1
414,42,7,0,PREVIOUS FAILED,PREVIOUS FAILED
415,43,7,0,PREVIOUS FAILED,PREVIOUS FAILED
416,44,7,1,0,1
417,45,7,1,0,1
418,46,7,1,0,1
419,47,7,1,0,1
420,48,7,1,0,1
421,49,7,1,0,1
422,50,7,1,0,1
423,51,7,1,0,1
424,52,7,1,0,1
425,53,7,1,0,1
426,54,7,1,0,1
427,55,7,1,0,1
428,56,7,1,0,1
429,57,7,0,PREVIOUS FAILED,PREVIOUS FAILED
430,58,7,0,PREVIOUS FAILED,PREVIOUS FAILED
431,59,7,0,PREVIOUS FAILED,PREVIOUS FAILED
432,60,7,0,PREVIOUS FAILED,PREVIOUS FAILED
433,61,7,1,0,1
434,62,7,1,0,1
435,1,8,1,0,1
436,2,8,1,0,1
437,3,8,1,0,1
438,4,8,1,0,1
439,5,8,1,0,1
440,6,8,1,0,1
441,7,8,1,0,1
442,8,8,1,0,1
443,9,8,1,0,1
444,10,8,1,0,1
445,11,8,1,0,1
446,12,8,1,0,1
447,13,8,1,0,1
448,14,8,1,0,1
449,15,8,1,0,1
450,16,8,1,0,1
451,17,8,1,0,1
452,18,8,1,0,1
453,19,8,1,0,1
454,20,8,1,0,1
455,21,8,1,0,1
456,22,8,1,0,1
457,23,8,1,0,1
458,24,8,1,0,1
459,25,8,0,PREVIOUS FAILED,PREVIOUS FAILED
460,26,8,1,0,1
461,27,8,1,0,1
462,28,8,1,0,1
463,29,8,1,0,1
464,30,8,1,0,1
465,31,8,1,0,1
466,32,8,0,PREVIOUS FAILED,PREVIOUS FAILED
467,33,8,0,PREVIOUS FAILED,PREVIOUS FAILED
468,34,8,1,0,1
469,35,8,1,0,1
470,36,8,1,0,1
471,37,8,0,PREVIOUS FAILED,PREVIOUS FAILED
472,38,8,1,0,1
473,39,8,1,0,1
474,40,8,1,0,1
475,41,8,1,0,1
476,42,8,0,PREVIOUS FAILED,PREVIOUS FAILED
477,43,8,1,0,1
478,44,8,1,0,1
479,45,8,1,0,1
480,46,8,1,0,1
481,47,8,1,0,1
482,48,8,1,0,1
483,49,8,1,0,1
484,50,8,1,0,1
485,51,8,1,0,1
486,52,8,1,0,1
487,53,8,1,0,1
488,54,8,1,0,1
489,55,8,0,PREVIOUS FAILED,PREVIOUS FAILED
490,56,8,1,0,1
491,57,8,0,PREVIOUS FAILED,PREVIOUS FAILED
492,58,8,0,PREVIOUS FAILED,PREVIOUS FAILED
493,59,8,0,PREVIOUS FAILED,PREVIOUS FAILED
494,60,8,0,PREVIOUS FAILED,PREVIOUS FAILED
495,61,8,0,PREVIOUS FAILED,PREVIOUS FAILED
496,62,8,0,PREVIOUS FAILED,PREVIOUS FAILED
497,1,9,1,0,1
498,2,9,1,0,1
499,3,9,1,0,1
500,4,9,1,0,1
501,5,9,1,0,1
502,6,9,1,0,1
503,7,9,1,0,1
504,8,9,1,0,1
505,9,9,1,0,1
506,10,9,1,0,1
507,11,9,1,0,1
508,12,9,1,0,1
509,13,9,1,0,1
510,14,9,1,0,1
511,15,9,1,0,1
512,16,9,1,0,1
513,17,9,1,0,1
514,18,9,1,0,1
515,19,9,1,0,1
516,20,9,1,0,1
517,21,9,1,0,1
518,22,9,1,0,1
519,23,9,1,0,1
520,24,9,1,0,1
521,25,9,1,0,1
522,26,9,1,0,1
523,27,9,1,0,1
524,28,9,1,0,1
525,29,9,1,0,1
526,30,9,1,0,1
527,31,9,1,0,1
528,32,9,0,PREVIOUS FAILED,PREVIOUS FAILED
529,33,9,1,0,1
530,34,9,0,PREVIOUS FAILED,PREVIOUS FAILED
531,35,9,0,PREVIOUS FAILED,PREVIOUS FAILED
532,36,9,1,0,1
533,37,9,1,0,1
534,38,9,1,0,1
535,39,9,1,0,1
536,40,9,1,0,1
537,41,9,1,0,1
538,42,9,1,0,1
539,43,9,1,0,1
540,44,9,1,0,1
541,45,9,1,0,1
542,46,9,1,0,1
543,47,9,1,0,1
544,48,9,1,0,1
545,49,9,1,0,1
546,50,9,1,0,1
547,51,9,1,0,1
548,52,9,1,0,1
549,53,9,0,PREVIOUS FAILED,PREVIOUS FAILED
550,54,9,0,PREVIOUS FAILED,PREVIOUS FAILED
551,55,9,1,0,1
552,56,9,1,0,1
553,57,9,0,PREVIOUS FAILED,PREVIOUS FAILED
554,58,9,0,PREVIOUS FAILED,PREVIOUS FAILED
555,59,9,0,PREVIOUS FAILED,PREVIOUS FAILED
556,60,9,0,PREVIOUS FAILED,PREVIOUS FAILED
557,61,9,1,0,1
558,62,9,0,PREVIOUS FAILED,PREVIOUS FAILED
559,1,10,1,0,1
560,2,10,1,0,1
561,3,10,1,0,1
562,4,10,1,0,1
563,5,10,1,0,1
564,6,10,1,0,1
565,7,10,1,0,1
566,8,10,1,0,1
567,9,10,1,0,1
568,10,10,1,0,1
569,11,10,1,0,1
570,12,10,1,0,1
571,13,10,1,0,1
572,14,10,1,0,1
573,15,10,1,0,1
574,16,10,1,0,1
575,17,10,1,0,1
576,18,10,1,0,1
577,19,10,1,0,1
578,20,10,1,0,1
579,21,10,1,0,1
580,22,10,1,0,1
581,23,10,1,0,1
582,24,10,1,0,1
583,25,10,1,0,1
584,26,10,1,0,1
585,27,10,1,0,1
586,28,10,1,0,1
587,29,10,1,0,1
588,30,10,1,0,1
589,31,10,1,0,1
590,32,10,1,0,1
591,33,10,1,0,1
592,34,10,1,0,1
593,35,10,1,0,1
594,36,10,1,0,1
595,37,10,1,0,1
596,38,10,1,0,1
597,39,10,1,0,1
598,40,10,1,0,1
599,41,10,1,0,1
600,42,10,1,0,1
601,43,10,1,0,1
602,44,10,1,0,1
603,45,10,1,0,1
604,46,10,1,0,1
605,47,10,1,0,1
606,48,10,1,0,1
607,49,10,1,0,1
608,50,10,1,0,1
609,51,10,1,0,1
610,52,10,1,0,1
611,53,10,1,0,1
612,54,10,1,0,1
613,55,10,1,0,1
614,56,10,1,0,1
615,57,10,0,PREVIOUS FAILED,PREVIOUS FAILED
616,58,10,0,PREVIOUS FAILED,PREVIOUS FAILED
617,59,10,0,PREVIOUS FAILED,PREVIOUS FAILED
618,60,10,0,PREVIOUS FAILED,PREVIOUS FAILED
619,61,10,0,PREVIOUS FAILED,PREVIOUS FAILED
620,62,10,1,0,1
621,1,11,1,0,1
622,2,11,1,0,1
623,3,11,1,0,1
624,4,11,1,0,1
625,5,11,1,0,1
626,6,11,1,0,1
627,7,11,1,0,1
628,8,11,1,0,1
629,9,11,1,0,1
630,10,11,1,0,1
631,11,11,1,0,1
632,12,11,1,0,1
633,13,11,1,0,1
634,14,11,1,0,1
635,15,11,1,0,1
636,16,11,1,0,1
637,17,11,1,0,1
638,18,11,1,0,1
639,19,11,1,0,1
640,20,11,1,0,1
641,21,11,1,0,1
642,22,11,1,0,1
643,23,11,1,0,1
644,24,11,1,0,1
645,25,11,1,0,1
646,26,11,1,0,1
647,27,11,1,0,1
648,28,11,1,0,1
649,29,11,0,PREVIOUS FAILED,PREVIOUS FAILED
650,30,11,1,0,1
651,31,11,1,0,1
652,32,11,1,0,1
653,33,11,1,0,1
654,34,11,1,0,1
655,35,11,1,0,1
656,36,11,1,0,1
657,37,11,1,0,1
658,38,11,1,0,1
659,39,11,1,0,1
660,40,11,1,0,1
661,41,11,1,0,1
662,42,11,1,0,1
663,43,11,1,0,1
664,44,11,1,0,1
665,45,11,1,0,1
666,46,11,1,0,1
667,47,11,1,0,1
668,48,11,1,0,1
669,49,11,1,0,1
670,50,11,1,0,1
671,51,11,1,0,1
672,52,11,1,0,1
673,53,11,1,0,1
674,54,11,1,0,1
675,55,11,1,0,1
676,56,11,1,0,1
677,57,11,0,PREVIOUS FAILED,PREVIOUS FAILED
678,58,11,0,PREVIOUS FAILED,PREVIOUS FAILED
679,59,11,0,PREVIOUS FAILED,PREVIOUS FAILED
680,60,11,0,PREVIOUS FAILED,PREVIOUS FAILED
681,61,11,1,0,1
682,62,11,1,0,1
683,1,12,1,0,1
684,2,12,1,0,1
685,3,12,1,0,1
686,4,12,1,0,1
687,5,12,1,0,1
688,6,12,1,0,1
689,7,12,0,PREVIOUS FAILED,PREVIOUS FAILED
690,8,12,0,PREVIOUS FAILED,PREVIOUS FAILED
691,9,12,1,0,1
692,10,12,1,0,1
693,11,12,1,0,1
694,12,12,1,0,1
695,13,12,1,0,1
696,14,12,1,0,1
697,15,12,1,0,1
698,16,12,1,0,1
699,17,12,1,0,1
700,18,12,1,0,1
701,19,12,1,0,1
702,20,12,1,0,1
703,21,12,1,0,1
704,22,12,1,0,1
705,23,12,1,0,1
706,24,12,1,0,1
707,25,12,1,0,1
708,26,12,1,0,1
709,27,12,1,0,1
710,28,12,1,0,1
711,29,12,0,PREVIOUS FAILED,PREVIOUS FAILED
712,30,12,1,0,1
713,31,12,1,0,1
714,32,12,1,0,1
715,33,12,1,0,1
716,34,12,1,0,1
717,35,12,1,0,1
718,36,12,1,0,1
719,37,12,1,0,1
720,38,12,1,0,1
721,39,12,1,0,1
722,40,12,1,0,1
723,41,12,1,0,1
724,42,12,1,0,1
725,43,12,1,0,1
726,44,12,1,0,1
727,45,12,1,0,1
728,46,12,0,PREVIOUS FAILED,PREVIOUS FAILED
729,47,12,0,PREVIOUS FAILED,PREVIOUS FAILED
730,48,12,1,0,1
731,49,12,1,0,1
732,50,12,1,0,1
733,51,12,1,0,1
734,52,12,1,0,1
735,53,12,0,PREVIOUS FAILED,PREVIOUS FAILED
736,54,12,1,0,1
737,55,12,1,0,1
738,56,12,1,0,1
739,57,12,0,PREVIOUS FAILED,PREVIOUS FAILED
740,58,12,0,PREVIOUS FAILED,PREVIOUS FAILED
741,59,12,0,PREVIOUS FAILED,PREVIOUS FAILED
742,60,12,0,PREVIOUS FAILED,PREVIOUS FAILED
743,61,12,1,0,1
744,62,12,1,0,1
745,1,13,1,0,1
746,2,13,1,0,1
747,3,13,1,0,1
748,4,13,1,0,1
749,5,13,1,0,1
750,6,13,1,0,1
751,7,13,0,PREVIOUS FAILED,PREVIOUS FAILED
752,8,13,1,0,1
753,9,13,1,0,1
754,10,13,1,0,1
755,11,13,1,0,1
756,12,13,1,0,1
757,13,13,1,0,1
758,14,13,1,0,1
759,15,13,1,0,1
760,16,13,1,0,1
761,17,13,1,0,1
762,18,13,1,0,1
763,19,13,1,0,1
764,20,13,1,0,1
765,21,13,1,0,1
766,22,13,1,0,1
767,23,13,1,0,1
768,24,13,1,0,1
769,25,13,1,0,1
770,26,13,1,0,1
771,27,13,1,0,1
772,28,13,1,0,1
773,29,13,1,0,1
774,30,13,1,0,1
775,31,13,1,0,1
776,32,13,1,0,1
777,33,13,1,0,1
778,34,13,1,0,1
779,35,13,1,0,1
780,36,13,1,0,1
781,37,13,1,0,1
782,38,13,1,0,1
783,39,13,1,0,1
784,40,13,1,0,1
785,41,13,1,0,1
786,42,13,1,0,1
787,43,13,0,PREVIOUS FAILED,PREVIOUS FAILED
788,44,13,1,0,1
789,45,13,1,0,1
790,46,13,1,0,1
791,47,13,1,0,1
792,48,13,1,0,1
793,49,13,1,0,1
794,50,13,1,0,1
795,51,13,1,0,1
796,52,13,1,0,1
797,53,13,0,PREVIOUS FAILED,PREVIOUS FAILED
798,54,13,1,0,1
799,55,13,1,0,1
800,56,13,1,0,1
801,57,13,0,PREVIOUS FAILED,PREVIOUS FAILED
802,58,13,0,PREVIOUS FAILED,PREVIOUS FAILED
803,59,13,0,PREVIOUS FAILED,PREVIOUS FAILED
804,60,13,0,PREVIOUS FAILED,PREVIOUS FAILED
805,61,13,1,0,1
806,62,13,1,0,1
807,1,14,1,0,1
808,2,14,1,0,1
809,3,14,1,0,1
810,4,14,1,0,1
811,5,14,1,0,1
812,6,14,1,0,1
813,7,14,1,0,1
814,8,14,1,0,1
815,9,14,1,0,1
816,10,14,1,0,1
817,11,14,1,0,1
818,12,14,1,0,1
819,13,14,1,0,1
820,14,14,1,0,1
821,15,14,1,0,1
822,16,14,1,0,1
823,17,14,1,0,1
824,18,14,1,0,1
825,19,14,1,0,1
826,20,14,1,0,1
827,21,14,1,0,1
828,22,14,1,0,1
829,23,14,1,0,1
830,24,14,1,0,1
831,25,14,0,PREVIOUS FAILED,PREVIOUS FAILED
832,26,14,1,0,1
833,27,14,1,0,1
834,28,14,1,0,1
835,29,14,1,0,1
836,30,14,1,0,1
837,31,14,1,0,1
838,32,14,1,0,1
839,33,14,1,0,1
840,34,14,1,0,1
841,35,14,1,0,1
842,36,14,1,0,1
843,37,14,1,0,1
844,38,14,1,0,1
845,39,14,1,0,1
846,40,14,1,0,1
847,41,14,1,0,1
848,42,14,1,0,1
849,43,14,1,0,1
850,44,14,1,0,1
851,45,14,1,0,1
852,46,14,1,0,1
853,47,14,1,0,1
854,48,14,1,0,1
855,49,14,1,0,1
856,50,14,1,0,1
857,51,14,1,0,1
858,52,14,1,0,1
859,53,14,0,PREVIOUS FAILED,PREVIOUS FAILED
860,54,14,1,0,1
861,55,14,1,0,1
862,56,14,1,0,1
863,57,14,0,PREVIOUS FAILED,PREVIOUS FAILED
864,58,14,0,PREVIOUS FAILED,PREVIOUS FAILED
865,59,14,0,PREVIOUS FAILED,PREVIOUS FAILED
866,60,14,0,PREVIOUS FAILED,PREVIOUS FAILED
867,61,14,1,0,1
868,62,14,1,0,1
869,1,15,1,0,1
870,2,15,1,0,1
871,3,15,1,0,1
872,4,15,1,0,1
873,5,15,1,0,1
874,6,15,1,0,1
875,7,15,1,0,1
876,8,15,1,0,1
877,9,15,1,0,1
878,10,15,1,0,1
879,11,15,1,0,1
880,12,15,1,0,1
881,13,15,1,0,1
882,14,15,1,0,1
883,15,15,1,0,1
884,16,15,1,0,1
885,17,15,1,0,1
886,18,15,1,0,1
887,19,15,1,0,1
888,20,15,1,0,1
889,21,15,0,PREVIOUS FAILED,PREVIOUS FAILED
890,22,15,0,PREVIOUS FAILED,PREVIOUS FAILED
891,23,15,0,PREVIOUS FAILED,PREVIOUS FAILED
892,24,15,1,0,1
893,25,15,0,PREVIOUS FAILED,PREVIOUS FAILED
894,26,15,1,0,1
895,27,15,1,0,1
896,28,15,1,0,1
897,29,15,1,0,1
898,30,15,1,0,1
899,31,15,1,0,1
900,32,15,1,0,1
901,33,15,1,0,1
902,34,15,0,PREVIOUS FAILED,PREVIOUS FAILED
903,35,15,1,0,1
904,36,15,1,0,1
905,37,15,1,0,1
906,38,15,1,0,1
907,39,15,1,0,1
908,40,15,1,0,1
909,41,15,1,0,1
910,42,15,1,0,1
911,43,15,1,0,1
912,44,15,1,0,1
913,45,15,1,0,1
914,46,15,1,0,1
915,47,15,1,0,1
916,48,15,1,0,1
917,49,15,1,0,1
918,50,15,1,0,1
919,51,15,1,0,1
920,52,15,1,0,1
921,53,15,1,0,1
922,54,15,1,0,1
923,55,15,1,0,1
924,56,15,0,PREVIOUS FAILED,PREVIOUS FAILED
925,57,15,0,PREVIOUS FAILED,PREVIOUS FAILED
926,58,15,0,PREVIOUS FAILED,PREVIOUS FAILED
927,59,15,0,PREVIOUS FAILED,PREVIOUS FAILED
928,60,15,0,PREVIOUS FAILED,PREVIOUS FAILED
929,61,15,1,0,1
930,62,15,1,0,1
931,1,16,1,0,1
932,2,16,1,0,1
933,3,16,1,0,1
934,4,16,1,0,1
935,5,16,1,0,1
936,6,16,1,0,1
937,7,16,1,0,1
938,8,16,1,0,1
939,9,16,1,0,1
940,10,16,1,0,1
941,11,16,1,0,1
942,12,16,1,0,1
943,13,16,1,0,1
944,14,16,1,0,1
945,15,16,1,0,1
946,16,16,1,0,1
947,17,16,1,0,1
948,18,16,1,0,1
949,19,16,1,0,1
950,20,16,1,0,1
951,21,16,1,0,1
952,22,16,1,0,1
953,23,16,1,0,1
954,24,16,1,0,1
955,25,16,0,PREVIOUS FAILED,PREVIOUS FAILED
956,26,16,1,0,1
957,27,16,1,0,1
958,28,16,1,0,1
959,29,16,1,0,1
960,30,16,1,0,1
961,31,16,1,0,1
962,32,16,1,0,1
963,33,16,1,0,1
964,34,16,1,0,1
965,35,16,1,0,1
966,36,16,1,0,1
967,37,16,1,0,1
968,38,16,1,0,1
969,39,16,1,0,1
970,40,16,1,0,1
971,41,16,1,0,1
972,42,16,1,0,1
973,43,16,1,0,1
974,44,16,1,0,1
975,45,16,1,0,1
976,46,16,1,0,1
977,47,16,1,0,1
978,48,16,1,0,1
979,49,16,1,0,1
980,50,16,1,0,1
981,51,16,1,0,1
982,52,16,1,0,1
983,53,16,1,0,1
984,54,16,1,0,1
985,55,16,1,0,1
986,56,16,1,0,1
987,57,16,0,PREVIOUS FAILED,PREVIOUS FAILED
988,58,16,0,PREVIOUS FAILED,PREVIOUS FAILED
989,59,16,0,PREVIOUS FAILED,PREVIOUS FAILED
990,60,16,0,PREVIOUS FAILED,PREVIOUS FAILED
991,61,16,1,0,1
992,62,16,1,0,1
993,1,17,1,0,1
994,2,17,1,0,1
995,3,17,1,0,1
996,4,17,1,0,1
997,5,17,1,0,1
998,6,17,1,0,1
999,7,17,1,0,1
1000,8,17,1,0,1
1001,9,17,1,0,1
1002,10,17,1,0,1
1003,11,17,1,0,1
1004,12,17,1,0,1
1005,13,17,1,0,1
1006,14,17,1,0,1
1007,15,17,1,0,1
1008,16,17,1,0,1
1009,17,17,1,0,1
1010,18,17,1,0,1
1011,19,17,1,0,1
1012,20,17,1,0,1
1013,21,17,1,0,1
1014,22,17,1,0,1
1015,23,17,1,0,1
1016,24,17,1,0,1
1017,25,17,0,PREVIOUS FAILED,PREVIOUS FAILED
1018,26,17,0,PREVIOUS FAILED,PREVIOUS FAILED
1019,27,17,1,0,1
1020,28,17,1,0,1
1021,29,17,1,0,1
1022,30,17,1,0,1
1023,31,17,1,0,1
1024,32,17,1,0,1
1025,33,17,1,0,1
1026,34,17,1,0,1
1027,35,17,1,0,1
1028,36,17,1,0,1
1029,37,17,1,0,1
1030,38,17,1,0,1
1031,39,17,1,0,1
1032,40,17,1,0,1
1033,41,17,1,0,1
1034,42,17,1,0,1
1035,43,17,1,0,1
1036,44,17,1,0,1
1037,45,17,1,0,1
1038,46,17,1,0,1
1039,47,17,1,0,1
1040,48,17,1,0,1
1041,49,17,1,0,1
1042,50,17,1,0,1
1043,51,17,1,0,1
1044,52,17,1,0,1
1045,53,17,1,0,1
1046,54,17,1,0,1
1047,55,17,1,0,1
1048,56,17,1,0,1
1049,57,17,0,PREVIOUS FAILED,PREVIOUS FAILED
1050,58,17,0,PREVIOUS FAILED,PREVIOUS FAILED
1051,59,17,0,PREVIOUS FAILED,PREVIOUS FAILED
1052,60,17,0,PREVIOUS FAILED,PREVIOUS FAILED
1053,61,17,1,0,1
1054,62,17,1,0,1
1055,1,18,1,0,1
1056,2,18,1,0,1
1057,3,18,1,0,1
1058,4,18,1,0,1
1059,5,18,0,PREVIOUS FAILED,PREVIOUS FAILED
1060,6,18,0,PREVIOUS FAILED,PREVIOUS FAILED
1061,7,18,1,0,1
1062,8,18,0,PREVIOUS FAILED,PREVIOUS FAILED
1063,9,18,1,0,1
1064,10,18,1,0,1
1065,11,18,1,0,1
1066,12,18,1,0,1
1067,13,18,1,0,1
1068,14,18,1,0,1
1069,15,18,1,0,1
1070,16,18,0,PREVIOUS FAILED,PREVIOUS FAILED
1071,17,18,1,0,1
1072,18,18,1,0,1
1073,19,18,1,0,1
1074,20,18,1,0,1
1075,21,18,1,0,1
1076,22,18,1,0,1
1077,23,18,1,0,1
1078,24,18,1,0,1
1079,25,18,0,PREVIOUS FAILED,PREVIOUS FAILED
1080,26,18,0,PREVIOUS FAILED,PREVIOUS FAILED
1081,27,18,0,PREVIOUS FAILED,PREVIOUS FAILED
1082,28,18,1,0,1
1083,29,18,1,0,1
1084,30,18,1,0,1
1085,31,18,1,0,1
1086,32,18,1,0,1
1087,33,18,1,0,1
1088,34,18,1,0,1
1089,35,18,1,0,1
1090,36,18,1,0,1
1091,37,18,0,PREVIOUS FAILED,PREVIOUS FAILED
1092,38,18,0,PREVIOUS FAILED,PREVIOUS FAILED
1093,39,18,1,0,1
1094,40,18,1,0,1
1095,41,18,1,0,1
1096,42,18,0,18,0
1097,43,18,1,0,1
1098,44,18,1,0,1
1099,45,18,1,0,1
1100,46,18,0,PREVIOUS FAILED,PREVIOUS FAILED
1101,47,18,1,0,1
1102,48,18,1,0,1
1103,49,18,1,0,1
1104,50,18,1,0,1
1105,51,18,1,0,1
1106,52,18,1,0,1
1107,53,18,1,0,1
1108,54,18,1,0,1
1109,55,18,1,0,1
1110,56,18,1,0,1
1111,57,18,0,PREVIOUS FAILED,PREVIOUS FAILED
1112,58,18,0,PREVIOUS FAILED,PREVIOUS FAILED
1113,59,18,0,PREVIOUS FAILED,PREVIOUS FAILED
1114,60,18,0,PREVIOUS FAILED,PREVIOUS FAILED
1115,61,18,1,0,1
1116,62,18,1,0,1
1117,1,19,1,0,1
1118,2,19,1,0,1
1119,3,19,1,0,1
1120,4,19,1,0,1
1121,5,19,1,0,1
1122,6,19,1,0,1
1123,7,19,1,0,1
1124,8,19,0,PREVIOUS FAILED,PREVIOUS FAILED
1125,9,19,1,0,1
1126,10,19,1,0,1
1127,11,19,1,0,1
1128,12,19,1,0,1
1129,13,19,1,0,1
1130,14,19,1,0,1
1131,15,19,1,0,1
1132,16,19,1,0,1
1133,17,19,1,0,1
1134,18,19,1,0,1
1135,19,19,1,0,1
1136,20,19,0,PREVIOUS FAILED,PREVIOUS FAILED
1137,21,19,1,0,1
1138,22,19,0,PREVIOUS FAILED,PREVIOUS FAILED
1139,23,19,1,0,1
1140,24,19,0,PREVIOUS FAILED,PREVIOUS FAILED
1141,25,19,0,PREVIOUS FAILED,PREVIOUS FAILED
1142,26,19,1,0,1
1143,27,19,0,PREVIOUS FAILED,PREVIOUS FAILED
1144,28,19,1,0,1
1145,29,19,1,0,1
1146,30,19,1,0,1
1147,31,19,1,0,1
1148,32,19,1,0,1
1149,33,19,1,0,1
1150,34,19,0,PREVIOUS FAILED,PREVIOUS FAILED
1151,35,19,1,0,1
1152,36,19,0,PREVIOUS FAILED,PREVIOUS FAILED
1153,37,19,0,PREVIOUS FAILED,PREVIOUS FAILED
1154,38,19,1,0,1
1155,39,19,1,0,1
1156,40,19,1,0,1
1157,41,19,1,0,1
1158,42,19,1,0,1
1159,43,19,1,0,1
1160,44,19,1,0,1
1161,45,19,1,0,1
1162,46,19,1,0,1
1163,47,19,1,0,1
1164,48,19,1,0,1
1165,49,19,1,0,1
1166,50,19,1,0,1
1167,51,19,0,PREVIOUS FAILED,PREVIOUS FAILED
1168,52,19,1,0,1
1169,53,19,1,0,1
1170,54,19,1,0,1
1171,55,19,1,0,1
1172,56,19,1,0,1
1173,57,19,0,PREVIOUS FAILED,PREVIOUS FAILED
1174,58,19,0,PREVIOUS FAILED,PREVIOUS FAILED
1175,59,19,0,PREVIOUS FAILED,PREVIOUS FAILED
1176,60,19,0,PREVIOUS FAILED,PREVIOUS FAILED
1177,61,19,1,0,1
1178,62,19,1,0,1
1179,1,20,1,0,1
1180,2,20,1,0,1
1181,3,20,1,0,1
1182,4,20,1,0,1
1183,5,20,1,0,1
1184,6,20,1,0,1
1185,7,20,1,0,1
1186,8,20,0,18,0
1187,9,20,1,0,1
1188,10,20,1,0,1
1189,11,20,1,0,1
1190,12,20,1,0,1
1191,13,20,1,0,1
1192,14,20,1,0,1
1193,15,20,1,0,1
1194,16,20,0,19,0
1195,17,20,1,0,1
1196,18,20,1,0,1
1197,19,20,1,0,1
1198,20,20,0,PREVIOUS FAILED,PREVIOUS FAILED
1199,21,20,0,PREVIOUS FAILED,PREVIOUS FAILED
1200,22,20,0,PREVIOUS FAILED,PREVIOUS FAILED
1201,23,20,1,0,1
1202,24,20,1,0,1
1203,25,20,0,PREVIOUS FAILED,PREVIOUS FAILED
1204,26,20,0,PREVIOUS FAILED,PREVIOUS FAILED
1205,27,20,0,PREVIOUS FAILED,PREVIOUS FAILED
1206,28,20,1,0,1
1207,29,20,1,0,1
1208,30,20,1,0,1
1209,31,20,1,0,1
1210,32,20,1,0,1
1211,33,20,0,PREVIOUS FAILED,PREVIOUS FAILED
1212,34,20,0,PREVIOUS FAILED,PREVIOUS FAILED
1213,35,20,1,0,1
1214,36,20,1,0,1
1215,37,20,0,PREVIOUS FAILED,PREVIOUS FAILED
1216,38,20,0,PREVIOUS FAILED,PREVIOUS FAILED
1217,39,20,1,0,1
1218,40,20,1,0,1
1219,41,20,1,0,1
1220,42,20,1,0,1
1221,43,20,1,0,1
1222,44,20,1,0,1
1223,45,20,1,0,1
1224,46,20,1,0,1
1225,47,20,1,0,1
1226,48,20,1,0,1
1227,49,20,1,0,1
1228,50,20,1,0,1
1229,51,20,1,0,1
1230,52,20,1,0,1
1231,53,20,1,0,1
1232,54,20,1,0,1
1233,55,20,1,0,1
1234,56,20,1,0,1
1235,57,20,0,PREVIOUS FAILED,PREVIOUS FAILED
1236,58,20,0,PREVIOUS FAILED,PREVIOUS FAILED
1237,59,20,0,PREVIOUS FAILED,PREVIOUS FAILED
1238,60,20,0,PREVIOUS FAILED,PREVIOUS FAILED
1239,61,20,1,0,1
1240,62,20,1,0,1
1241,1,21,1,0,1
1242,2,21,1,0,1
1243,3,21,1,0,1
1244,4,21,0,PREVIOUS FAILED,PREVIOUS FAILED
1245,5,21,1,0,1
1246,6,21,1,0,1
1247,7,21,1,0,1
1248,8,21,1,0,1
1249,9,21,1,0,1
1250,10,21,1,0,1
1251,11,21,1,0,1
1252,12,21,1,0,1
1253,13,21,1,0,1
1254,14,21,1,0,1
1255,15,21,1,0,1
1256,16,21,1,0,1
1257,17,21,1,0,1
1258,18,21,1,0,1
1259,19,21,1,0,1
1260,20,21,1,0,1
1261,21,21,1,0,1
1262,22,21,1,0,1
1263,23,21,1,0,1
1264,24,21,0,PREVIOUS FAILED,PREVIOUS FAILED
1265,25,21,1,0,1
1266,26,21,0,PREVIOUS FAILED,PREVIOUS FAILED
1267,27,21,0,PREVIOUS FAILED,PREVIOUS FAILED
1268,28,21,0,PREVIOUS FAILED,PREVIOUS FAILED
1269,29,21,1,0,1
1270,30,21,1,0,1
1271,31,21,1,0,1
1272,32,21,1,0,1
1273,33,21,1,0,1
1274,34,21,1,0,1
1275,35,21,1,0,1
1276,36,21,1,0,1
1277,37,21,1,0,1
1278,38,21,0,PREVIOUS FAILED,PREVIOUS FAILED
1279,39,21,1,0,1
1280,40,21,1,0,1
1281,41,21,1,0,1
1282,42,21,1,0,1
1283,43,21,1,0,1
1284,44,21,1,0,1
1285,45,21,1,0,1
1286,46,21,1,0,1
1287,47,21,1,0,1
1288,48,21,1,0,1
1289,49,21,1,0,1
1290,50,21,1,0,1
1291,51,21,1,0,1
1292,52,21,1,0,1
1293,53,21,1,0,1
1294,54,21,1,0,1
1295,55,21,1,0,1
1296,56,21,1,0,1
1297,57,21,0,PREVIOUS FAILED,PREVIOUS FAILED
1298,58,21,0,PREVIOUS FAILED,PREVIOUS FAILED
1299,59,21,0,PREVIOUS FAILED,PREVIOUS FAILED
1300,60,21,0,PREVIOUS FAILED,PREVIOUS FAILED
1301,61,21,1,0,1
1302,62,21,1,0,1
1303,1,22,1,0,1
1304,2,22,1,0,1
1305,3,22,1,0,1
1306,4,22,1,0,1
1307,5,22,1,0,1
1308,6,22,1,0,1
1309,7,22,1,0,1
1310,8,22,1,0,1
1311,9,22,1,0,1
1312,10,22,1,0,1
1313,11,22,1,0,1
1314,12,22,1,0,1
1315,13,22,1,0,1
1316,14,22,1,0,1
1317,15,22,1,0,1
1318,16,22,1,0,1
1319,17,22,1,0,1
1320,18,22,1,0,1
1321,19,22,1,0,1
1322,20,22,1,0,1
1323,21,22,1,0,1
1324,22,22,1,0,1
1325,23,22,1,0,1
1326,24,22,0,PREVIOUS FAILED,PREVIOUS FAILED
1327,25,22,1,0,1
1328,26,22,1,0,1
1329,27,22,1,0,1
1330,28,22,1,0,1
1331,29,22,0,PREVIOUS FAILED,PREVIOUS FAILED
1332,30,22,0,PREVIOUS FAILED,PREVIOUS FAILED
1333,31,22,1,0,1
1334,32,22,1,0,1
1335,33,22,0,PREVIOUS FAILED,PREVIOUS FAILED
1336,34,22,0,PREVIOUS FAILED,PREVIOUS FAILED
1337,35,22,1,0,1
1338,36,22,1,0,1
1339,37,22,1,0,1
1340,38,22,1,0,1
1341,39,22,1,0,1
1342,40,22,1,0,1
1343,41,22,1,0,1
1344,42,22,1,0,1
1345,43,22,1,0,1
1346,44,22,1,0,1
1347,45,22,1,0,1
1348,46,22,1,0,1
1349,47,22,1,0,1
1350,48,22,1,0,1
1351,49,22,1,0,1
1352,50,22,1,0,1
1353,51,22,1,0,1
1354,52,22,1,0,1
1355,53,22,1,0,1
1356,54,22,1,0,1
1357,55,22,1,0,1
1358,56,22,1,0,1
1359,57,22,0,PREVIOUS FAILED,PREVIOUS FAILED
1360,58,22,0,PREVIOUS FAILED,PREVIOUS FAILED
1361,59,22,0,PREVIOUS FAILED,PREVIOUS FAILED
1362,60,22,0,PREVIOUS FAILED,PREVIOUS FAILED
1363,61,22,1,0,1
1364,62,22,1,0,1
1365,1,23,1,0,1
1366,2,23,1,0,1
1367,3,23,1,0,1
1368,4,23,1,0,1
1369,5,23,1,0,1
1370,6,23,1,0,1
1371,7,23,1,0,1
1372,8,23,1,0,1
1373,9,23,1,0,1
1374,10,23,1,0,1
1375,11,23,1,0,1
1376,12,23,1,0,1
1377,13,23,1,0,1
1378,14,23,1,0,1
1379,15,23,1,0,1
1380,16,23,1,0,1
1381,17,23,1,0,1
1382,18,23,1,0,1
1383,19,23,1,0,1
1384,20,23,1,0,1
1385,21,23,1,0,1
1386,22,23,1,0,1
1387,23,23,1,0,1
1388,24,23,0,PREVIOUS FAILED,PREVIOUS FAILED
1389,25,23,1,0,1
1390,26,23,1,0,1
1391,27,23,1,0,1
1392,28,23,1,0,1
1393,29,23,1,0,1
1394,30,23,1,0,1
1395,31,23,1,0,1
1396,32,23,1,0,1
1397,33,23,1,0,1
1398,34,23,1,0,1
1399,35,23,1,0,1
1400,36,23,1,0,1
1401,37,23,1,0,1
1402,38,23,1,0,1
1403,39,23,1,0,1
1404,40,23,1,0,1
1405,41,23,1,0,1
1406,42,23,1,0,1
1407,43,23,1,0,1
1408,44,23,1,0,1
1409,45,23,1,0,1
1410,46,23,1,0,1
1411,47,23,1,0,1
1412,48,23,0,PREVIOUS FAILED,PREVIOUS FAILED
1413,49,23,0,PREVIOUS FAILED,PREVIOUS FAILED
1414,50,23,1,0,1
1415,51,23,1,0,1
1416,52,23,1,0,1
1417,53,23,0,PREVIOUS FAILED,PREVIOUS FAILED
1418,54,23,0,PREVIOUS FAILED,PREVIOUS FAILED
1419,55,23,1,0,1
1420,56,23,1,0,1
1421,57,23,0,PREVIOUS FAILED,PREVIOUS FAILED
1422,58,23,0,PREVIOUS FAILED,PREVIOUS FAILED
1423,59,23,0,PREVIOUS FAILED,PREVIOUS FAILED
1424,60,23,0,PREVIOUS FAILED,PREVIOUS FAILED
1425,61,23,1,0,1
1426,62,23,1,0,1
1427,1,24,1,0,1
1428,2,24,1,0,1
1429,3,24,1,0,1
1430,4,24,1,0,1
1431,5,24,1,0,1
1432,6,24,1,0,1
1433,7,24,1,0,1
1434,8,24,1,0,1
1435,9,24,1,0,1
1436,10,24,1,0,1
1437,11,24,1,0,1
1438,12,24,1,0,1
1439,13,24,1,0,1
1440,14,24,1,0,1
1441,15,24,1,0,1
1442,16,24,1,0,1
1443,17,24,1,0,1
1444,18,24,1,0,1
1445,19,24,1,0,1
1446,20,24,1,0,1
1447,21,24,1,0,1
1448,22,24,1,0,1
1449,23,24,1,0,1
1450,24,24,1,0,1
1451,25,24,1,0,1
1452,26,24,1,0,1
1453,27,24,0,PREVIOUS FAILED,PREVIOUS FAILED
1454,28,24,0,PREVIOUS FAILED,PREVIOUS FAILED
1455,29,24,1,0,1
1456,30,24,1,0,1
1457,31,24,1,0,1
1458,32,24,1,0,1
1459,33,24,1,0,1
1460,34,24,1,0,1
1461,35,24,1,0,1
1462,36,24,1,0,1
1463,37,24,1,0,1
1464,38,24,0,PREVIOUS FAILED,PREVIOUS FAILED
1465,39,24,0,PREVIOUS FAILED,PREVIOUS FAILED
1466,40,24,1,0,1
1467,41,24,1,0,1
1468,42,24,1,0,1
1469,43,24,0,PREVIOUS FAILED,PREVIOUS FAILED
1470,44,24,0,PREVIOUS FAILED,PREVIOUS FAILED
1471,45,24,1,0,1
1472,46,24,1,0,1
1473,47,24,1,0,1
1474,48,24,1,0,1
1475,49,24,0,PREVIOUS FAILED,PREVIOUS FAILED
1476,50,24,0,PREVIOUS FAILED,PREVIOUS FAILED
1477,51,24,1,0,1
1478,52,24,0,PREVIOUS FAILED,PREVIOUS FAILED
1479,53,24,0,PREVIOUS FAILED,PREVIOUS FAILED
1480,54,24,0,PREVIOUS FAILED,PREVIOUS FAILED
1481,55,24,1,0,1
1482,56,24,1,0,1
1483,57,24,0,PREVIOUS FAILED,PREVIOUS FAILED
1484,58,24,0,PREVIOUS FAILED,PREVIOUS FAILED
1485,59,24,0,PREVIOUS FAILED,PREVIOUS FAILED
1486,60,24,0,PREVIOUS FAILED,PREVIOUS FAILED
1487,61,24,1,0,1
1488,62,24,1,0,1
1489,1,25,1,0,1
1490,2,25,1,0,1
1491,3,25,1,0,1
1492,4,25,1,0,1
1493,5,25,1,0,1
1494,6,25,1,0,1
1495,7,25,1,0,1
1496,8,25,1,0,1
1497,9,25,1,0,1
1498,10,25,1,0,1
1499,11,25,1,0,1
1500,12,25,1,0,1
1501,13,25,1,0,1
1502,14,25,1,0,1
1503,15,25,0,PREVIOUS FAILED,PREVIOUS FAILED
1504,16,25,1,0,1
1505,17,25,1,0,1
1506,18,25,1,0,1
1507,19,25,1,0,1
1508,20,25,1,0,1
1509,21,25,1,0,1
1510,22,25,1,0,1
1511,23,25,1,0,1
1512,24,25,1,0,1
1513,25,25,1,0,1
1514,26,25,1,0,1
1515,27,25,1,0,1
1516,28,25,1,0,1
1517,29,25,1,0,1
1518,30,25,1,0,1
1519,31,25,0,PREVIOUS FAILED,PREVIOUS FAILED
1520,32,25,0,PREVIOUS FAILED,PREVIOUS FAILED
1521,33,25,1,0,1
1522,34,25,1,0,1
1523,35,25,1,0,1
1524,36,25,1,0,1
1525,37,25,1,0,1
1526,38,25,1,0,1
1527,39,25,1,0,1
1528,40,25,1,0,1
1529,41,25,1,0,1
1530,42,25,1,0,1
1531,43,25,0,PREVIOUS FAILED,PREVIOUS FAILED
1532,44,25,1,0,1
1533,45,25,1,0,1
1534,46,25,1,0,1
1535,47,25,1,0,1
1536,48,25,1,0,1
1537,49,25,0,PREVIOUS FAILED,PREVIOUS FAILED
1538,50,25,0,PREVIOUS FAILED,PREVIOUS FAILED
1539,51,25,0,PREVIOUS FAILED,PREVIOUS FAILED
1540,52,25,0,PREVIOUS FAILED,PREVIOUS FAILED
1541,53,25,1,0,1
1542,54,25,1,0,1
1543,55,25,1,0,1
1544,56,25,1,0,1
1545,57,25,0,PREVIOUS FAILED,PREVIOUS FAILED
1546,58,25,0,PREVIOUS FAILED,PREVIOUS FAILED
1547,59,25,0,PREVIOUS FAILED,PREVIOUS FAILED
1548,60,25,0,PREVIOUS FAILED,PREVIOUS FAILED
1549,61,25,1,0,1
1550,62,25,1,0,1
1551,1,26,1,0,1
1552,2,26,1,0,1
1553,3,26,1,0,1
1554,4,26,1,0,1
1555,5,26,0,3,0
1556,6,26,1,0,1
1557,7,26,1,0,1
1558,8,26,1,0,1
1559,9,26,1,0,1
1560,10,26,1,0,1
1561,11,26,1,0,1
1562,12,26,1,0,1
1563,13,26,1,0,1
1564,14,26,1,0,1
1565,15,26,0,PREVIOUS FAILED,PREVIOUS FAILED
1566,16,26,1,0,1
1567,17,26,1,0,1
1568,18,26,1,0,1
1569,19,26,1,0,1
1570,20,26,0,PREVIOUS FAILED,PREVIOUS FAILED
1571,21,26,0,PREVIOUS FAILED,PREVIOUS FAILED
1572,22,26,0,PREVIOUS FAILED,PREVIOUS FAILED
1573,23,26,0,PREVIOUS FAILED,PREVIOUS FAILED
1574,24,26,0,PREVIOUS FAILED,PREVIOUS FAILED
1575,25,26,1,0,1
1576,26,26,1,0,1
1577,27,26,0,3,0
1578,28,26,1,0,1
1579,29,26,1,0,1
1580,30,26,0,18,0
1581,31,26,0,PREVIOUS FAILED,PREVIOUS FAILED
1582,32,26,1,0,1
1583,33,26,1,0,1
1584,34,26,1,0,1
1585,35,26,1,0,1
1586,36,26,1,0,1
1587,37,26,1,0,1
1588,38,26,1,0,1
1589,39,26,1,0,1
1590,40,26,1,0,1
1591,41,26,0,PREVIOUS FAILED,PREVIOUS FAILED
1592,42,26,1,0,1
1593,43,26,1,0,1
1594,44,26,1,0,1
1595,45,26,1,0,1
1596,46,26,1,0,1
1597,47,26,1,0,1
1598,48,26,1,0,1
1599,49,26,1,0,1
1600,50,26,1,0,1
1601,51,26,0,PREVIOUS FAILED,PREVIOUS FAILED
1602,52,26,0,PREVIOUS FAILED,PREVIOUS FAILED
1603,53,26,1,0,1
1604,54,26,1,0,1
1605,55,26,1,0,1
1606,56,26,1,0,1
1607,57,26,0,PREVIOUS FAILED,PREVIOUS FAILED
1608,58,26,0,PREVIOUS FAILED,PREVIOUS FAILED
1609,59,26,0,PREVIOUS FAILED,PREVIOUS FAILED
1610,60,26,0,PREVIOUS FAILED,PREVIOUS FAILED
1611,61,26,1,0,1
1612,62,26,1,0,1
1613,1,27,1,0,1
1614,2,27,1,0,1
1615,3,27,1,0,1
1616,4,27,1,0,1
1617,5,27,1,0,1
1618,6,27,1,0,1
1619,7,27,1,0,1
1620,8,27,1,0,1
1621,9,27,1,0,1
1622,10,27,1,0,1
1623,11,27,1,0,1
1624,12,27,1,0,1
1625,13,27,1,0,1
1626,14,27,1,0,1
1627,15,27,1,0,1
1628,16,27,1,0,1
1629,17,27,1,0,1
1630,18,27,1,0,1
1631,19,27,1,0,1
1632,20,27,0,PREVIOUS FAILED,PREVIOUS FAILED
1633,21,27,0,PREVIOUS FAILED,PREVIOUS FAILED
1634,22,27,0,PREVIOUS FAILED,PREVIOUS FAILED
1635,23,27,0,PREVIOUS FAILED,PREVIOUS FAILED
1636,24,27,1,0,1
1637,25,27,1,0,1
1638,26,27,1,0,1
1639,27,27,1,0,1
1640,28,27,0,PREVIOUS FAILED,PREVIOUS FAILED
1641,29,27,1,0,1
1642,30,27,1,0,1
1643,31,27,1,0,1
1644,32,27,1,0,1
1645,33,27,1,0,1
1646,34,27,1,0,1
1647,35,27,1,0,1
1648,36,27,1,0,1
1649,37,27,1,0,1
1650,38,27,1,0,1
1651,39,27,1,0,1
1652,40,27,1,0,1
1653,41,27,0,PREVIOUS FAILED,PREVIOUS FAILED
1654,42,27,1,0,1
1655,43,27,1,0,1
1656,44,27,1,0,1
1657,45,27,1,0,1
1658,46,27,1,0,1
1659,47,27,0,PREVIOUS FAILED,PREVIOUS FAILED
1660,48,27,0,PREVIOUS FAILED,PREVIOUS FAILED
1661,49,27,1,0,1
1662,50,27,1,0,1
1663,51,27,1,0,1
1664,52,27,1,0,1
1665,53,27,1,0,1
1666,54,27,1,0,1
1667,55,27,1,0,1
1668,56,27,1,0,1
1669,57,27,0,PREVIOUS FAILED,PREVIOUS FAILED
1670,58,27,0,PREVIOUS FAILED,PREVIOUS FAILED
1671,59,27,0,PREVIOUS FAILED,PREVIOUS FAILED
1672,60,27,0,PREVIOUS FAILED,PREVIOUS FAILED
1673,61,27,1,0,1
1674,62,27,1,0,1
1675,1,28,1,0,1
1676,2,28,1,0,1
1677,3,28,1,0,1
1678,4,28,1,0,1
1679,5,28,1,0,1
1680,6,28,1,0,1
1681,7,28,1,0,1
1682,8,28,1,0,1
1683,9,28,1,0,1
1684,10,28,1,0,1
1685,11,28,1,0,1
1686,12,28,1,0,1
1687,13,28,1,0,1
1688,14,28,1,0,1
1689,15,28,0,PREVIOUS FAILED,PREVIOUS FAILED
1690,16,28,0,PREVIOUS FAILED,PREVIOUS FAILED
1691,17,28,1,0,1
1692,18,28,1,0,1
1693,19,28,0,18,0
1694,20,28,1,0,1
1695,21,28,1,0,1
1696,22,28,1,0,1
1697,23,28,1,0,1
1698,24,28,0,PREVIOUS FAILED,PREVIOUS FAILED
1699,25,28,0,PREVIOUS FAILED,PREVIOUS FAILED
1700,26,28,1,0,1
1701,27,28,1,0,1
1702,28,28,1,0,1
1703,29,28,1,0,1
1704,30,28,1,0,1
1705,31,28,1,0,1
1706,32,28,1,0,1
1707,33,28,1,0,1
1708,34,28,1,0,1
1709,35,28,1,0,1
1710,36,28,1,0,1
1711,37,28,1,0,1
1712,38,28,1,0,1
1713,39,28,0,PREVIOUS FAILED,PREVIOUS FAILED
1714,40,28,0,PREVIOUS FAILED,PREVIOUS FAILED
1715,41,28,1,0,1
1716,42,28,1,0,1
1717,43,28,1,0,1
1718,44,28,1,0,1
1719,45,28,1,0,1
1720,46,28,1,0,1
1721,47,28,1,0,1
1722,48,28,0,PREVIOUS FAILED,PREVIOUS FAILED
1723,49,28,1,0,1
1724,50,28,1,0,1
1725,51,28,0,PREVIOUS FAILED,PREVIOUS FAILED
1726,52,28,1,0,1
1727,53,28,1,0,1
1728,54,28,1,0,1
1729,55,28,1,0,1
1730,56,28,1,0,1
1731,57,28,0,PREVIOUS FAILED,PREVIOUS FAILED
1732,58,28,0,PREVIOUS FAILED,PREVIOUS FAILED
1733,59,28,0,PREVIOUS FAILED,PREVIOUS FAILED
1734,60,28,0,PREVIOUS FAILED,PREVIOUS FAILED
1735,61,28,1,0,1
1736,62,28,1,0,1
1737,1,29,1,0,1
1738,2,29,1,0,1
1739,3,29,1,0,1
1740,4,29,1,0,1
1741,5,29,1,0,1
1742,6,29,1,0,1
1743,7,29,1,0,1
1744,8,29,1,0,1
1745,9,29,1,0,1
1746,10,29,1,0,1
1747,11,29,1,0,1
1748,12,29,1,0,1
1749,13,29,1,0,1
1750,14,29,1,0,1
1751,15,29,1,0,1
1752,16,29,1,0,1
1753,17,29,1,0,1
1754,18,29,1,0,1
1755,19,29,1,0,1
1756,20,29,1,0,1
1757,21,29,0,PREVIOUS FAILED,PREVIOUS FAILED
1758,22,29,1,0,1
1759,23,29,1,0,1
1760,24,29,0,PREVIOUS FAILED,PREVIOUS FAILED
1761,25,29,1,0,1
1762,26,29,1,0,1
1763,27,29,1,0,1
1764,28,29,1,0,1
1765,29,29,1,0,1
1766,30,29,1,0,1
1767,31,29,1,0,1
1768,32,29,1,0,1
1769,33,29,0,PREVIOUS FAILED,PREVIOUS FAILED
1770,34,29,1,0,1
1771,35,29,1,0,1
1772,36,29,1,0,1
1773,37,29,1,0,1
1774,38,29,0,PREVIOUS FAILED,PREVIOUS FAILED
1775,39,29,0,PREVIOUS FAILED,PREVIOUS FAILED
1776,40,29,1,0,1
1777,41,29,1,0,1
1778,42,29,1,0,1
1779,43,29,1,0,1
1780,44,29,1,0,1
1781,45,29,1,0,1
1782,46,29,1,0,1
1783,47,29,0,PREVIOUS FAILED,PREVIOUS FAILED
1784,48,29,0,PREVIOUS FAILED,PREVIOUS FAILED
1785,49,29,1,0,1
1786,50,29,0,PREVIOUS FAILED,PREVIOUS FAILED
1787,51,29,0,PREVIOUS FAILED,PREVIOUS FAILED
1788,52,29,0,PREVIOUS FAILED,PREVIOUS FAILED
1789,53,29,1,0,1
1790,54,29,1,0,1
1791,55,29,1,0,1
1792,56,29,1,0,1
1793,57,29,0,PREVIOUS FAILED,PREVIOUS FAILED
1794,58,29,0,PREVIOUS FAILED,PREVIOUS FAILED
1795,59,29,0,PREVIOUS FAILED,PREVIOUS FAILED
1796,60,29,0,PREVIOUS FAILED,PREVIOUS FAILED
1797,61,29,1,0,1
1798,62,29,1,0,1
1799,1,30,1,0,1
1800,2,30,1,0,1
1801,3,30,1,0,1
1802,4,30,1,0,1
1803,5,30,1,0,1
1804,6,30,1,0,1
1805,7,30,1,0,1
1806,8,30,1,0,1
1807,9,30,1,0,1
1808,10,30,1,0,1
1809,11,30,1,0,1
1810,12,30,1,0,1
1811,13,30,1,0,1
1812,14,30,1,0,1
1813,15,30,1,0,1
1814,16,30,1,0,1
1815,17,30,1,0,1
1816,18,30,1,0,1
1817,19,30,1,0,1
1818,20,30,1,0,1
1819,21,30,0,PREVIOUS FAILED,PREVIOUS FAILED
1820,22,30,1,0,1
1821,23,30,1,0,1
1822,24,30,0,PREVIOUS FAILED,PREVIOUS FAILED
1823,25,30,0,PREVIOUS FAILED,PREVIOUS FAILED
1824,26,30,0,PREVIOUS FAILED,PREVIOUS FAILED
1825,27,30,1,0,1
1826,28,30,1,0,1
1827,29,30,1,0,1
1828,30,30,1,0,1
1829,31,30,1,0,1
1830,32,30,1,0,1
1831,33,30,1,0,1
1832,34,30,1,0,1
1833,35,30,1,0,1
1834,36,30,1,0,1
1835,37,30,1,0,1
1836,38,30,1,0,1
1837,39,30,1,0,1
1838,40,30,1,0,1
1839,41,30,1,0,1
1840,42,30,1,0,1
1841,43,30,1,0,1
1842,44,30,1,0,1
1843,45,30,1,0,1
1844,46,30,1,0,1
1845,47,30,1,0,1
1846,48,30,1,0,1
1847,49,30,1,0,1
1848,50,30,0,PREVIOUS FAILED,PREVIOUS FAILED
1849,51,30,1,0,1
1850,52,30,0,PREVIOUS FAILED,PREVIOUS FAILED
1851,53,30,1,0,1
1852,54,30,1,0,1
1853,55,30,1,0,1
1854,56,30,1,0,1
1855,57,30,0,PREVIOUS FAILED,PREVIOUS FAILED
1856,58,30,0,PREVIOUS FAILED,PREVIOUS FAILED
1857,59,30,0,PREVIOUS FAILED,PREVIOUS FAILED
1858,60,30,0,PREVIOUS FAILED,PREVIOUS FAILED
1859,61,30,0,PREVIOUS FAILED,PREVIOUS FAILED
1860,62,30,1,0,1
1861,1,31,1,0,1
1862,2,31,1,0,1
1863,3,31,1,0,1
1864,4,31,1,0,1
1865,5,31,1,0,1
1866,6,31,1,0,1
1867,7,31,1,0,1
1868,8,31,1,0,1
1869,9,31,1,0,1
1870,10,31,1,0,1
1871,11,31,1,0,1
1872,12,31,1,0,1
1873,13,31,1,0,1
1874,14,31,1,0,1
1875,15,31,1,0,1
1876,16,31,1,0,1
1877,17,31,1,0,1
1878,18,31,1,0,1
1879,19,31,1,0,1
1880,20,31,1,0,1
1881,21,31,1,0,1
1882,22,31,0,PREVIOUS FAILED,PREVIOUS FAILED
1883,23,31,0,PREVIOUS FAILED,PREVIOUS FAILED
1884,24,31,0,PREVIOUS FAILED,PREVIOUS FAILED
1885,25,31,0,PREVIOUS FAILED,PREVIOUS FAILED
1886,26,31,0,PREVIOUS FAILED,PREVIOUS FAILED
1887,27,31,1,0,1
1888,28,31,1,0,1
1889,29,31,1,0,1
1890,30,31,1,0,1
1891,31,31,1,0,1
1892,32,31,1,0,1
1893,33,31,1,0,1
1894,34,31,1,0,1
1895,35,31,1,0,1
1896,36,31,1,0,1
1897,37,31,1,0,1
1898,38,31,1,0,1
1899,39,31,1,0,1
1900,40,31,1,0,1
1901,41,31,1,0,1
1902,42,31,1,0,1
1903,43,31,1,0,1
1904,44,31,1,0,1
1905,45,31,1,0,1
1906,46,31,1,0,1
1907,47,31,1,0,1
1908,48,31,1,0,1
1909,49,31,1,0,1
1910,50,31,0,PREVIOUS FAILED,PREVIOUS FAILED
1911,51,31,0,PREVIOUS FAILED,PREVIOUS FAILED
1912,52,31,0,PREVIOUS FAILED,PREVIOUS FAILED
1913,53,31,1,0,1
1914,54,31,1,0,1
1915,55,31,1,0,1
1916,56,31,1,0,1
1917,57,31,0,PREVIOUS FAILED,PREVIOUS FAILED
1918,58,31,0,PREVIOUS FAILED,PREVIOUS FAILED
1919,59,31,0,PREVIOUS FAILED,PREVIOUS FAILED
1920,60,31,0,PREVIOUS FAILED,PREVIOUS FAILED
1921,61,31,1,0,1
1922,62,31,1,0,1
1923,1,32,1,0,1
1924,2,32,1,0,1
1925,3,32,1,0,1
1926,4,32,1,0,1
1927,5,32,1,0,1
1928,6,32,1,0,1
1929,7,32,1,0,1
1930,8,32,1,0,1
1931,9,32,1,0,1
1932,10,32,1,0,1
1933,11,32,1,0,1
1934,12,32,1,0,1
1935,13,32,1,0,1
1936,14,32,1,0,1
1937,15,32,1,0,1
1938,16,32,1,0,1
1939,17,32,1,0,1
1940,18,32,1,0,1
1941,19,32,1,0,1
1942,20,32,1,0,1
1943,21,32,1,0,1
1944,22,32,1,0,1
1945,23,32,0,PREVIOUS FAILED,PREVIOUS FAILED
1946,24,32,1,0,1
1947,25,32,0,PREVIOUS FAILED,PREVIOUS FAILED
1948,26,32,1,0,1
1949,27,32,1,0,1
1950,28,32,1,0,1
1951,29,32,1,0,1
1952,30,32,1,0,1
1953,31,32,1,0,1
1954,32,32,1,0,1
1955,33,32,1,0,1
1956,34,32,1,0,1
1957,35,32,1,0,1
1958,36,32,1,0,1
1959,37,32,1,0,1
1960,38,32,1,0,1
1961,39,32,1,0,1
1962,40,32,1,0,1
1963,41,32,1,0,1
1964,42,32,1,0,1
1965,43,32,1,0,1
1966,44,32,1,0,1
1967,45,32,1,0,1
1968,46,32,1,0,1
1969,47,32,1,0,1
1970,48,32,1,0,1
1971,49,32,1,0,1
1972,50,32,0,PREVIOUS FAILED,PREVIOUS FAILED
1973,51,32,1,0,1
1974,52,32,1,0,1
1975,53,32,1,0,1
1976,54,32,1,0,1
1977,55,32,1,0,1
1978,56,32,1,0,1
1979,57,32,0,PREVIOUS FAILED,PREVIOUS FAILED
1980,58,32,0,PREVIOUS FAILED,PREVIOUS FAILED
1981,59,32,0,PREVIOUS FAILED,PREVIOUS FAILED
1982,60,32,0,PREVIOUS FAILED,PREVIOUS FAILED
1983,61,32,1,0,1
1984,62,32,1,0,1
1985,1,33,1,0,1
1986,2,33,1,0,1
1987,3,33,1,0,1
1988,4,33,1,0,1
1989,5,33,1,0,1
1990,6,33,1,0,1
1991,7,33,1,0,1
1992,8,33,1,0,1
1993,9,33,1,0,1
1994,10,33,1,0,1
1995,11,33,1,0,1
1996,12,33,1,0,1
1997,13,33,1,0,1
1998,14,33,1,0,1
1999,15,33,1,0,1
2000,16,33,1,0,1
2001,17,33,1,0,1
2002,18,33,1,0,1
2003,19,33,1,0,1
2004,20,33,1,0,1
2005,21,33,1,0,1
2006,22,33,1,0,1
2007,23,33,1,0,1
2008,24,33,1,0,1
2009,25,33,1,0,1
2010,26,33,1,0,1
2011,27,33,1,0,1
2012,28,33,1,0,1
2013,29,33,1,0,1
2014,30,33,1,0,1
2015,31,33,1,0,1
2016,32,33,0,3,0
2017,33,33,1,0,1
2018,34,33,1,0,1
2019,35,33,1,0,1
2020,36,33,1,0,1
2021,37,33,1,0,1
2022,38,33,1,0,1
2023,39,33,1,0,1
2024,40,33,0,PREVIOUS FAILED,PREVIOUS FAILED
2025,41,33,1,0,1
2026,42,33,1,0,1
2027,43,33,1,0,1
2028,44,33,1,0,1
2029,45,33,1,0,1
2030,46,33,1,0,1
2031,47,33,1,0,1
2032,48,33,1,0,1
2033,49,33,1,0,1
2034,50,33,1,0,1
2035,51,33,1,0,1
2036,52,33,1,0,1
2037,53,33,1,0,1
2038,54,33,1,0,1
2039,55,33,1,0,1
2040,56,33,1,0,1
2041,57,33,0,PREVIOUS FAILED,PREVIOUS FAILED
2042,58,33,0,PREVIOUS FAILED,PREVIOUS FAILED
2043,59,33,0,PREVIOUS FAILED,PREVIOUS FAILED
2044,60,33,0,PREVIOUS FAILED,PREVIOUS FAILED
2045,61,33,1,0,1
2046,62,33,1,0,1
2047,1,34,1,0,1
2048,2,34,1,0,1
2049,3,34,1,0,1
2050,4,34,0,PREVIOUS FAILED,PREVIOUS FAILED
2051,5,34,1,0,1
2052,6,34,1,0,1
2053,7,34,1,0,1
2054,8,34,1,0,1
2055,9,34,0,18,0
2056,10,34,1,0,1
2057,11,34,1,0,1
2058,12,34,1,0,1
2059,13,34,1,0,1
2060,14,34,1,0,1
2061,15,34,0,PREVIOUS FAILED,PREVIOUS FAILED
2062,16,34,1,0,1
2063,17,34,1,0,1
2064,18,34,1,0,1
2065,19,34,1,0,1
2066,20,34,1,0,1
2067,21,34,1,0,1
2068,22,34,1,0,1
2069,23,34,1,0,1
2070,24,34,1,0,1
2071,25,34,1,0,1
2072,26,34,1,0,1
2073,27,34,1,0,1
2074,28,34,1,0,1
2075,29,34,1,0,1
2076,30,34,1,0,1
2077,31,34,1,0,1
2078,32,34,1,0,1
2079,33,34,1,0,1
2080,34,34,1,0,1
2081,35,34,1,0,1
2082,36,34,1,0,1
2083,37,34,1,0,1
2084,38,34,1,0,1
2085,39,34,1,0,1
2086,40,34,1,0,1
2087,41,34,0,PREVIOUS FAILED,PREVIOUS FAILED
2088,42,34,1,0,1
2089,43,34,1,0,1
2090,44,34,1,0,1
2091,45,34,1,0,1
2092,46,34,1,0,1
2093,47,34,1,0,1
2094,48,34,1,0,1
2095,49,34,1,0,1
2096,50,34,1,0,1
2097,51,34,1,0,1
2098,52,34,1,0,1
2099,53,34,1,0,1
2100,54,34,1,0,1
2101,55,34,1,0,1
2102,56,34,1,0,1
2103,57,34,0,PREVIOUS FAILED,PREVIOUS FAILED
2104,58,34,0,PREVIOUS FAILED,PREVIOUS FAILED
2105,59,34,0,PREVIOUS FAILED,PREVIOUS FAILED
2106,60,34,0,PREVIOUS FAILED,PREVIOUS FAILED
2107,61,34,1,0,1
2108,62,34,1,0,1
2109,1,35,1,0,1
2110,2,35,1,0,1
2111,3,35,1,0,1
2112,4,35,0,PREVIOUS FAILED,PREVIOUS FAILED
2113,5,35,1,0,1
2114,6,35,1,0,1
2115,7,35,1,0,1
2116,8,35,1,0,1
2117,9,35,1,0,1
2118,10,35,1,0,1
2119,11,35,1,0,1
2120,12,35,1,0,1
2121,13,35,1,0,1
2122,14,35,1,0,1
2123,15,35,0,18,0
2124,16,35,1,0,1
2125,17,35,1,0,1
2126,18,35,1,0,1
2127,19,35,1,0,1
2128,20,35,1,0,1
2129,21,35,1,0,1
2130,22,35,1,0,1
2131,23,35,1,0,1
2132,24,35,1,0,1
2133,25,35,1,0,1
2134,26,35,1,0,1
2135,27,35,1,0,1
2136,28,35,1,0,1
2137,29,35,1,0,1
2138,30,35,1,0,1
2139,31,35,1,0,1
2140,32,35,1,0,1
2141,33,35,1,0,1
2142,34,35,1,0,1
2143,35,35,1,0,1
2144,36,35,1,0,1
2145,37,35,1,0,1
2146,38,35,1,0,1
2147,39,35,1,0,1
2148,40,35,1,0,1
2149,41,35,1,0,1
2150,42,35,1,0,1
2151,43,35,1,0,1
2152,44,35,1,0,1
2153,45,35,1,0,1
2154,46,35,1,0,1
2155,47,35,1,0,1
2156,48,35,1,0,1
2157,49,35,1,0,1
2158,50,35,1,0,1
2159,51,35,1,0,1
2160,52,35,1,0,1
2161,53,35,1,0,1
2162,54,35,1,0,1
2163,55,35,1,0,1
2164,56,35,1,0,1
2165,57,35,0,PREVIOUS FAILED,PREVIOUS FAILED
2166,58,35,0,PREVIOUS FAILED,PREVIOUS FAILED
2167,59,35,0,PREVIOUS FAILED,PREVIOUS FAILED
2168,60,35,0,PREVIOUS FAILED,PREVIOUS FAILED
2169,61,35,1,0,1
2170,62,35,1,0,1
2171,1,36,1,0,1
2172,2,36,1,0,1
2173,3,36,1,0,1
2174,4,36,1,0,1
2175,5,36,1,0,1
2176,6,36,1,0,1
2177,7,36,1,0,1
2178,8,36,1,0,1
2179,9,36,1,0,1
2180,10,36,1,0,1
2181,11,36,1,0,1
2182,12,36,1,0,1
2183,13,36,1,0,1
2184,14,36,1,0,1
2185,15,36,1,0,1
2186,16,36,1,0,1
2187,17,36,1,0,1
2188,18,36,1,0,1
2189,19,36,1,0,1
2190,20,36,1,0,1
2191,21,36,1,0,1
2192,22,36,1,0,1
2193,23,36,1,0,1
2194,24,36,0,18,0
2195,25,36,1,0,1
2196,26,36,1,0,1
2197,27,36,1,0,1
2198,28,36,0,PREVIOUS FAILED,PREVIOUS FAILED
2199,29,36,0,PREVIOUS FAILED,PREVIOUS FAILED
2200,30,36,1,0,1
2201,31,36,1,0,1
2202,32,36,1,0,1
2203,33,36,1,0,1
2204,34,36,1,0,1
2205,35,36,1,0,1
2206,36,36,1,0,1
2207,37,36,0,PREVIOUS FAILED,PREVIOUS FAILED
2208,38,36,0,PREVIOUS FAILED,PREVIOUS FAILED
2209,39,36,1,0,1
2210,40,36,1,0,1
2211,41,36,0,PREVIOUS FAILED,PREVIOUS FAILED
2212,42,36,1,0,1
2213,43,36,1,0,1
2214,44,36,1,0,1
2215,45,36,1,0,1
2216,46,36,1,0,1
2217,47,36,1,0,1
2218,48,36,1,0,1
2219,49,36,1,0,1
2220,50,36,1,0,1
2221,51,36,1,0,1
2222,52,36,1,0,1
2223,53,36,1,0,1
2224,54,36,1,0,1
2225,55,36,1,0,1
2226,56,36,1,0,1
2227,57,36,0,PREVIOUS FAILED,PREVIOUS FAILED
2228,58,36,0,PREVIOUS FAILED,PREVIOUS FAILED
2229,59,36,0,PREVIOUS FAILED,PREVIOUS FAILED
2230,60,36,0,PREVIOUS FAILED,PREVIOUS FAILED
2231,61,36,1,0,1
2232,62,36,1,0,1
2233,1,37,1,0,1
2234,2,37,1,0,1
2235,3,37,1,0,1
2236,4,37,1,0,1
2237,5,37,1,0,1
2238,6,37,1,0,1
2239,7,37,1,0,1
2240,8,37,1,0,1
2241,9,37,1,0,1
2242,10,37,1,0,1
2243,11,37,1,0,1
2244,12,37,1,0,1
2245,13,37,1,0,1
2246,14,37,1,0,1
2247,15,37,1,0,1
2248,16,37,1,0,1
2249,17,37,1,0,1
2250,18,37,1,0,1
2251,19,37,1,0,1
2252,20,37,1,0,1
2253,21,37,0,PREVIOUS FAILED,PREVIOUS FAILED
2254,22,37,0,PREVIOUS FAILED,PREVIOUS FAILED
2255,23,37,0,PREVIOUS FAILED,PREVIOUS FAILED
2256,24,37,0,PREVIOUS FAILED,PREVIOUS FAILED
2257,25,37,1,0,1
2258,26,37,1,0,1
2259,27,37,1,0,1
2260,28,37,0,PREVIOUS FAILED,PREVIOUS FAILED
2261,29,37,0,PREVIOUS FAILED,PREVIOUS FAILED
2262,30,37,1,0,1
2263,31,37,1,0,1
2264,32,37,1,0,1
2265,33,37,1,0,1
2266,34,37,1,0,1
2267,35,37,1,0,1
2268,36,37,1,0,1
2269,37,37,1,0,1
2270,38,37,1,0,1
2271,39,37,1,0,1
2272,40,37,1,0,1
2273,41,37,1,0,1
2274,42,37,1,0,1
2275,43,37,1,0,1
2276,44,37,1,0,1
2277,45,37,1,0,1
2278,46,37,1,0,1
2279,47,37,1,0,1
2280,48,37,1,0,1
2281,49,37,1,0,1
2282,50,37,1,0,1
2283,51,37,1,0,1
2284,52,37,0,PREVIOUS FAILED,PREVIOUS FAILED
2285,53,37,1,0,1
2286,54,37,1,0,1
2287,55,37,1,0,1
2288,56,37,1,0,1
2289,57,37,0,PREVIOUS FAILED,PREVIOUS FAILED
2290,58,37,0,PREVIOUS FAILED,PREVIOUS FAILED
2291,59,37,0,PREVIOUS FAILED,PREVIOUS FAILED
2292,60,37,0,PREVIOUS FAILED,PREVIOUS FAILED
2293,61,37,1,0,1
2294,62,37,1,0,1
2295,1,38,1,0,1
2296,2,38,1,0,1
2297,3,38,0,PREVIOUS FAILED,PREVIOUS FAILED
2298,4,38,1,0,1
2299,5,38,1,0,1
2300,6,38,1,0,1
2301,7,38,1,0,1
2302,8,38,1,0,1
2303,9,38,1,0,1
2304,10,38,1,0,1
2305,11,38,1,0,1
2306,12,38,1,0,1
2307,13,38,1,0,1
2308,14,38,1,0,1
2309,15,38,1,0,1
2310,16,38,1,0,1
2311,17,38,1,0,1
2312,18,38,1,0,1
2313,19,38,1,0,1
2314,20,38,1,0,1
2315,21,38,1,0,1
2316,22,38,0,PREVIOUS FAILED,PREVIOUS FAILED
2317,23,38,1,0,1
2318,24,38,1,0,1
2319,25,38,1,0,1
2320,26,38,1,0,1
2321,27,38,1,0,1
2322,28,38,1,0,1
2323,29,38,1,0,1
2324,30,38,1,0,1
2325,31,38,1,0,1
2326,32,38,1,0,1
2327,33,38,1,0,1
2328,34,38,1,0,1
2329,35,38,1,0,1
2330,36,38,1,0,1
2331,37,38,1,0,1
2332,38,38,1,0,1
2333,39,38,1,0,1
2334,40,38,1,0,1
2335,41,38,1,0,1
2336,42,38,1,0,1
2337,43,38,0,PREVIOUS FAILED,PREVIOUS FAILED
2338,44,38,0,PREVIOUS FAILED,PREVIOUS FAILED
2339,45,38,0,PREVIOUS FAILED,PREVIOUS FAILED
2340,46,38,1,0,1
2341,47,38,1,0,1
2342,48,38,1,0,1
2343,49,38,1,0,1
2344,50,38,1,0,1
2345,51,38,0,PREVIOUS FAILED,PREVIOUS FAILED
2346,52,38,0,PREVIOUS FAILED,PREVIOUS FAILED
2347,53,38,1,0,1
2348,54,38,1,0,1
2349,55,38,1,0,1
2350,56,38,1,0,1
2351,57,38,0,PREVIOUS FAILED,PREVIOUS FAILED
2352,58,38,0,PREVIOUS FAILED,PREVIOUS FAILED
2353,59,38,0,PREVIOUS FAILED,PREVIOUS FAILED
2354,60,38,0,PREVIOUS FAILED,PREVIOUS FAILED
2355,61,38,1,0,1
2356,62,38,1,0,1
2357,1,39,1,0,1
2358,2,39,1,0,1
2359,3,39,1,0,1
2360,4,39,1,0,1
2361,5,39,1,0,1
2362,6,39,1,0,1
2363,7,39,1,0,1
2364,8,39,1,0,1
2365,9,39,1,0,1
2366,10,39,1,0,1
2367,11,39,1,0,1
2368,12,39,1,0,1
2369,13,39,1,0,1
2370,14,39,1,0,1
2371,15,39,1,0,1
2372,16,39,1,0,1
2373,17,39,1,0,1
2374,18,39,1,0,1
2375,19,39,1,0,1
2376,20,39,1,0,1
2377,21,39,1,0,1
2378,22,39,1,0,1
2379,23,39,1,0,1
2380,24,39,1,0,1
2381,25,39,1,0,1
2382,26,39,1,0,1
2383,27,39,1,0,1
2384,28,39,1,0,1
2385,29,39,1,0,1
2386,30,39,1,0,1
2387,31,39,1,0,1
2388,32,39,1,0,1
2389,33,39,1,0,1
2390,34,39,1,0,1
2391,35,39,1,0,1
2392,36,39,1,0,1
2393,37,39,1,0,1
2394,38,39,1,0,1
2395,39,39,1,0,1
2396,40,39,1,0,1
2397,41,39,1,0,1
2398,42,39,1,0,1
2399,43,39,1,0,1
2400,44,39,1,0,1
2401,45,39,1,0,1
2402,46,39,1,0,1
2403,47,39,1,0,1
2404,48,39,1,0,1
2405,49,39,0,PREVIOUS FAILED,PREVIOUS FAILED
2406,50,39,1,0,1
2407,51,39,0,PREVIOUS FAILED,PREVIOUS FAILED
2408,52,39,1,0,1
2409,53,39,1,0,1
2410,54,39,1,0,1
2411,55,39,1,0,1
2412,56,39,1,0,1
2413,57,39,0,PREVIOUS FAILED,PREVIOUS FAILED
2414,58,39,0,PREVIOUS FAILED,PREVIOUS FAILED
2415,59,39,0,PREVIOUS FAILED,PREVIOUS FAILED
2416,60,39,0,PREVIOUS FAILED,PREVIOUS FAILED
2417,61,39,1,0,1
2418,62,39,1,0,1
2419,1,40,1,0,1
2420,2,40,1,0,1
2421,3,40,1,0,1
2422,4,40,1,0,1
2423,5,40,1,0,1
2424,6,40,1,0,1
2425,7,40,1,0,1
2426,8,40,1,0,1
2427,9,40,1,0,1
2428,10,40,1,0,1
2429,11,40,1,0,1
2430,12,40,1,0,1
2431,13,40,1,0,1
2432,14,40,1,0,1
2433,15,40,1,0,1
2434,16,40,1,0,1
2435,17,40,1,0,1
2436,18,40,1,0,1
2437,19,40,1,0,1
2438,20,40,1,0,1
2439,21,40,1,0,1
2440,22,40,1,0,1
2441,23,40,1,0,1
2442,24,40,1,0,1
2443,25,40,1,0,1
2444,26,40,1,0,1
2445,27,40,1,0,1
2446,28,40,1,0,1
2447,29,40,1,0,1
2448,30,40,1,0,1
2449,31,40,1,0,1
2450,32,40,1,0,1
2451,33,40,1,0,1
2452,34,40,1,0,1
2453,35,40,1,0,1
2454,36,40,1,0,1
2455,37,40,1,0,1
2456,38,40,1,0,1
2457,39,40,1,0,1
2458,40,40,1,0,1
2459,41,40,1,0,1
2460,42,40,1,0,1
2461,43,40,0,PREVIOUS FAILED,PREVIOUS FAILED
2462,44,40,1,0,1
2463,45,40,1,0,1
2464,46,40,1,0,1
2465,47,40,1,0,1
2466,48,40,1,0,1
2467,49,40,0,PREVIOUS FAILED,PREVIOUS FAILED
2468,50,40,1,0,1
2469,51,40,0,PREVIOUS FAILED,PREVIOUS FAILED
2470,52,40,1,0,1
2471,53,40,1,0,1
2472,54,40,1,0,1
2473,55,40,1,0,1
2474,56,40,1,0,1
2475,57,40,0,PREVIOUS FAILED,PREVIOUS FAILED
2476,58,40,0,PREVIOUS FAILED,PREVIOUS FAILED
2477,59,40,0,PREVIOUS FAILED,PREVIOUS FAILED
2478,60,40,0,PREVIOUS FAILED,PREVIOUS FAILED
2479,61,40,1,0,1
2480,62,40,1,0,1
2481,1,41,1,0,1
2482,2,41,1,0,1
2483,3,41,1,0,1
2484,4,41,1,0,1
2485,5,41,1,0,1
2486,6,41,1,0,1
2487,7,41,1,0,1
2488,8,41,1,0,1
2489,9,41,1,0,1
2490,10,41,1,0,1
2491,11,41,1,0,1
2492,12,41,1,0,1
2493,13,41,1,0,1
2494,14,41,1,0,1
2495,15,41,0,3,0
2496,16,41,1,0,1
2497,17,41,0,PREVIOUS FAILED,PREVIOUS FAILED
2498,18,41,1,0,1
2499,19,41,1,0,1
2500,20,41,1,0,1
2501,21,41,1,0,1
2502,22,41,1,0,1
2503,23,41,1,0,1
2504,24,41,1,0,1
2505,25,41,1,0,1
2506,26,41,1,0,1
2507,27,41,1,0,1
2508,28,41,1,0,1
2509,29,41,1,0,1
2510,30,41,1,0,1
2511,31,41,1,0,1
2512,32,41,1,0,1
2513,33,41,1,0,1
2514,34,41,1,0,1
2515,35,41,1,0,1
2516,36,41,1,0,1
2517,37,41,1,0,1
2518,38,41,1,0,1
2519,39,41,1,0,1
2520,40,41,1,0,1
2521,41,41,1,0,1
2522,42,41,1,0,1
2523,43,41,1,0,1
2524,44,41,1,0,1
2525,45,41,1,0,1
2526,46,41,1,0,1
2527,47,41,1,0,1
2528,48,41,1,0,1
2529,49,41,1,0,1
2530,50,41,1,0,1
2531,51,41,0,PREVIOUS FAILED,PREVIOUS FAILED
2532,52,41,1,0,1
2533,53,41,1,0,1
2534,54,41,1,0,1
2535,55,41,1,0,1
2536,56,41,1,0,1
2537,57,41,0,PREVIOUS FAILED,PREVIOUS FAILED
2538,58,41,0,PREVIOUS FAILED,PREVIOUS FAILED
2539,59,41,0,PREVIOUS FAILED,PREVIOUS FAILED
2540,60,41,0,PREVIOUS FAILED,PREVIOUS FAILED
2541,61,41,1,0,1
2542,62,41,1,0,1
2543,1,42,1,0,1
2544,2,42,1,0,1
2545,3,42,1,0,1
2546,4,42,1,0,1
2547,5,42,1,0,1
2548,6,42,1,0,1
2549,7,42,1,0,1
2550,8,42,1,0,1
2551,9,42,1,0,1
2552,10,42,1,0,1
2553,11,42,1,0,1
2554,12,42,1,0,1
2555,13,42,1,0,1
2556,14,42,1,0,1
2557,15,42,1,0,1
2558,16,42,1,0,1
2559,17,42,1,0,1
2560,18,42,1,0,1
2561,19,42,1,0,1
2562,20,42,0,PREVIOUS FAILED,PREVIOUS FAILED
2563,21,42,1,0,1
2564,22,42,1,0,1
2565,23,42,1,0,1
2566,24,42,1,0,1
2567,25,42,1,0,1
2568,26,42,1,0,1
2569,27,42,1,0,1
2570,28,42,1,0,1
2571,29,42,1,0,1
2572,30,42,1,0,1
2573,31,42,1,0,1
2574,32,42,1,0,1
2575,33,42,1,0,1
2576,34,42,0,18,0
2577,35,42,1,0,1
2578,36,42,1,0,1
2579,37,42,1,0,1
2580,38,42,1,0,1
2581,39,42,1,0,1
2582,40,42,1,0,1
2583,41,42,1,0,1
2584,42,42,1,0,1
2585,43,42,1,0,1
2586,44,42,1,0,1
2587,45,42,1,0,1
2588,46,42,1,0,1
2589,47,42,1,0,1
2590,48,42,1,0,1
2591,49,42,1,0,1
2592,50,42,1,0,1
2593,51,42,1,0,1
2594,52,42,1,0,1
2595,53,42,1,0,1
2596,54,42,1,0,1
2597,55,42,1,0,1
2598,56,42,1,0,1
2599,57,42,0,PREVIOUS FAILED,PREVIOUS FAILED
2600,58,42,0,PREVIOUS FAILED,PREVIOUS FAILED
2601,59,42,0,PREVIOUS FAILED,PREVIOUS FAILED
2602,60,42,0,PREVIOUS FAILED,PREVIOUS FAILED
2603,61,42,1,0,1
2604,62,42,1,0,1
2605,1,43,1,0,1
2606,2,43,1,0,1
2607,3,43,1,0,1
2608,4,43,1,0,1
2609,5,43,1,0,1
2610,6,43,1,0,1
2611,7,43,1,0,1
2612,8,43,1,0,1
2613,9,43,1,0,1
2614,10,43,1,0,1
2615,11,43,1,0,1
2616,12,43,1,0,1
2617,13,43,1,0,1
2618,14,43,1,0,1
2619,15,43,1,0,1
2620,16,43,1,0,1
2621,17,43,1,0,1
2622,18,43,1,0,1
2623,19,43,1,0,1
2624,20,43,0,PREVIOUS FAILED,PREVIOUS FAILED
2625,21,43,1,0,1
2626,22,43,1,0,1
2627,23,43,1,0,1
2628,24,43,1,0,1
2629,25,43,1,0,1
2630,26,43,1,0,1
2631,27,43,1,0,1
2632,28,43,1,0,1
2633,29,43,1,0,1
2634,30,43,1,0,1
2635,31,43,1,0,1
2636,32,43,1,0,1
2637,33,43,1,0,1
2638,34,43,1,0,1
2639,35,43,1,0,1
2640,36,43,1,0,1
2641,37,43,1,0,1
2642,38,43,1,0,1
2643,39,43,1,0,1
2644,40,43,1,0,1
2645,41,43,1,0,1
2646,42,43,1,0,1
2647,43,43,1,0,1
2648,44,43,1,0,1
2649,45,43,1,0,1
2650,46,43,1,0,1
2651,47,43,1,0,1
2652,48,43,1,0,1
2653,49,43,1,0,1
2654,50,43,1,0,1
2655,51,43,1,0,1
2656,52,43,1,0,1
2657,53,43,1,0,1
2658,54,43,1,0,1
2659,55,43,1,0,1
2660,56,43,1,0,1
2661,57,43,0,PREVIOUS FAILED,PREVIOUS FAILED
2662,58,43,0,PREVIOUS FAILED,PREVIOUS FAILED
2663,59,43,0,PREVIOUS FAILED,PREVIOUS FAILED
2664,60,43,0,PREVIOUS FAILED,PREVIOUS FAILED
2665,61,43,1,0,1
2666,62,43,1,0,1
2667,1,44,1,0,1
2668,2,44,1,0,1
2669,3,44,1,0,1
2670,4,44,1,0,1
2671,5,44,1,0,1
2672,6,44,1,0,1
2673,7,44,0,3,0
2674,8,44,0,3,0
2675,9,44,1,0,1
2676,10,44,1,0,1
2677,11,44,1,0,1
2678,12,44,1,0,1
2679,13,44,1,0,1
2680,14,44,1,0,1
2681,15,44,1,0,1
2682,16,44,1,0,1
2683,17,44,1,0,1
2684,18,44,1,0,1
2685,19,44,1,0,1
2686,20,44,1,0,1
2687,21,44,1,0,1
2688,22,44,1,0,1
2689,23,44,1,0,1
2690,24,44,1,0,1
2691,25,44,1,0,1
2692,26,44,1,0,1
2693,27,44,1,0,1
2694,28,44,1,0,1
2695,29,44,0,3,0
2696,30,44,1,0,1
2697,31,44,1,0,1
2698,32,44,1,0,1
2699,33,44,1,0,1
2700,34,44,1,0,1
2701,35,44,1,0,1
2702,36,44,1,0,1
2703,37,44,1,0,1
2704,38,44,1,0,1
2705,39,44,1,0,1
2706,40,44,0,18,0
2707,41,44,1,0,1
2708,42,44,1,0,1
2709,43,44,1,0,1
2710,44,44,1,0,1
2711,45,44,1,0,1
2712,46,44,1,0,1
2713,47,44,1,0,1
2714,48,44,1,0,1
2715,49,44,1,0,1
2716,50,44,1,0,1
2717,51,44,1,0,1
2718,52,44,1,0,1
2719,53,44,1,0,1
2720,54,44,1,0,1
2721,55,44,1,0,1
2722,56,44,1,0,1
2723,57,44,0,PREVIOUS FAILED,PREVIOUS FAILED
2724,58,44,0,PREVIOUS FAILED,PREVIOUS FAILED
2725,59,44,0,PREVIOUS FAILED,PREVIOUS FAILED
2726,60,44,0,PREVIOUS FAILED,PREVIOUS FAILED
2727,61,44,1,0,1
2728,62,44,1,0,1
2729,1,45,1,0,1
2730,2,45,1,0,1
2731,3,45,1,0,1
2732,4,45,1,0,1
2733,5,45,1,0,1
2734,6,45,1,0,1
2735,7,45,1,0,1
2736,8,45,1,0,1
2737,9,45,0,3,0
2738,10,45,1,0,1
2739,11,45,1,0,1
2740,12,45,1,0,1
2741,13,45,1,0,1
2742,14,45,1,0,1
2743,15,45,1,0,1
2744,16,45,1,0,1
2745,17,45,1,0,1
2746,18,45,1,0,1
2747,19,45,1,0,1
2748,20,45,1,0,1
2749,21,45,1,0,1
2750,22,45,1,0,1
2751,23,45,0,PREVIOUS FAILED,PREVIOUS FAILED
2752,24,45,0,PREVIOUS FAILED,PREVIOUS FAILED
2753,25,45,1,0,1
2754,26,45,1,0,1
2755,27,45,1,0,1
2756,28,45,1,0,1
2757,29,45,1,0,1
2758,30,45,1,0,1
2759,31,45,1,0,1
2760,32,45,1,0,1
2761,33,45,1,0,1
2762,34,45,1,0,1
2763,35,45,1,0,1
2764,36,45,1,0,1
2765,37,45,1,0,1
2766,38,45,1,0,1
2767,39,45,1,0,1
2768,40,45,1,0,1
2769,41,45,1,0,1
2770,42,45,1,0,1
2771,43,45,1,0,1
2772,44,45,1,0,1
2773,45,45,1,0,1
2774,46,45,1,0,1
2775,47,45,1,0,1
2776,48,45,1,0,1
2777,49,45,1,0,1
2778,50,45,1,0,1
2779,51,45,1,0,1
2780,52,45,1,0,1
2781,53,45,1,0,1
2782,54,45,1,0,1
2783,55,45,1,0,1
2784,56,45,1,0,1
2785,57,45,0,PREVIOUS FAILED,PREVIOUS FAILED
2786,58,45,0,PREVIOUS FAILED,PREVIOUS FAILED
2787,59,45,0,PREVIOUS FAILED,PREVIOUS FAILED
2788,60,45,0,PREVIOUS FAILED,PREVIOUS FAILED
2789,61,45,1,0,1
2790,62,45,1,0,1
2791,1,46,1,0,1
2792,2,46,1,0,1
2793,3,46,1,0,1
2794,4,46,1,0,1
2795,5,46,1,0,1
2796,6,46,1,0,1
2797,7,46,1,0,1
2798,8,46,1,0,1
2799,9,46,1,0,1
2800,10,46,1,0,1
2801,11,46,1,0,1
2802,12,46,1,0,1
2803,13,46,1,0,1
2804,14,46,1,0,1
2805,15,46,1,0,1
2806,16,46,1,0,1
2807,17,46,1,0,1
2808,18,46,1,0,1
2809,19,46,1,0,1
2810,20,46,1,0,1
2811,21,46,1,0,1
2812,22,46,1,0,1
2813,23,46,1,0,1
2814,24,46,0,PREVIOUS FAILED,PREVIOUS FAILED
2815,25,46,0,PREVIOUS FAILED,PREVIOUS FAILED
2816,26,46,1,0,1
2817,27,46,1,0,1
2818,28,46,1,0,1
2819,29,46,1,0,1
2820,30,46,1,0,1
2821,31,46,0,PREVIOUS FAILED,PREVIOUS FAILED
2822,32,46,1,0,1
2823,33,46,1,0,1
2824,34,46,0,3,0
2825,35,46,1,0,1
2826,36,46,1,0,1
2827,37,46,1,0,1
2828,38,46,1,0,1
2829,39,46,1,0,1
2830,40,46,1,0,1
2831,41,46,1,0,1
2832,42,46,1,0,1
2833,43,46,1,0,1
2834,44,46,1,0,1
2835,45,46,1,0,1
2836,46,46,1,0,1
2837,47,46,1,0,1
2838,48,46,0,PREVIOUS FAILED,PREVIOUS FAILED
2839,49,46,1,0,1
2840,50,46,1,0,1
2841,51,46,1,0,1
2842,52,46,1,0,1
2843,53,46,1,0,1
2844,54,46,1,0,1
2845,55,46,1,0,1
2846,56,46,1,0,1
2847,57,46,0,PREVIOUS FAILED,PREVIOUS FAILED
2848,58,46,0,PREVIOUS FAILED,PREVIOUS FAILED
2849,59,46,0,PREVIOUS FAILED,PREVIOUS FAILED
2850,60,46,0,PREVIOUS FAILED,PREVIOUS FAILED
2851,61,46,1,0,1
2852,62,46,1,0,1
2853,1,47,1,0,1
2854,2,47,1,0,1
2855,3,47,1,0,1
2856,4,47,1,0,1
2857,5,47,1,0,1
2858,6,47,1,0,1
2859,7,47,1,0,1
2860,8,47,1,0,1
2861,9,47,1,0,1
2862,10,47,1,0,1
2863,11,47,1,0,1
2864,12,47,1,0,1
2865,13,47,1,0,1
2866,14,47,1,0,1
2867,15,47,1,0,1
2868,16,47,1,0,1
2869,17,47,1,0,1
2870,18,47,1,0,1
2871,19,47,1,0,1
2872,20,47,1,0,1
2873,21,47,1,0,1
2874,22,47,1,0,1
2875,23,47,1,0,1
2876,24,47,1,0,1
2877,25,47,1,0,1
2878,26,47,1,0,1
2879,27,47,1,0,1
2880,28,47,1,0,1
2881,29,47,1,0,1
2882,30,47,1,0,1
2883,31,47,1,0,1
2884,32,47,1,0,1
2885,33,47,1,0,1
2886,34,47,1,0,1
2887,35,47,0,PREVIOUS FAILED,PREVIOUS FAILED
2888,36,47,1,0,1
2889,37,47,1,0,1
2890,38,47,1,0,1
2891,39,47,1,0,1
2892,40,47,1,0,1
2893,41,47,1,0,1
2894,42,47,1,0,1
2895,43,47,1,0,1
2896,44,47,1,0,1
2897,45,47,1,0,1
2898,46,47,1,0,1
2899,47,47,1,0,1
2900,48,47,1,0,1
2901,49,47,1,0,1
2902,50,47,1,0,1
2903,51,47,1,0,1
2904,52,47,1,0,1
2905,53,47,1,0,1
2906,54,47,1,0,1
2907,55,47,1,0,1
2908,56,47,1,0,1
2909,57,47,0,PREVIOUS FAILED,PREVIOUS FAILED
2910,58,47,0,PREVIOUS FAILED,PREVIOUS FAILED
2911,59,47,0,PREVIOUS FAILED,PREVIOUS FAILED
2912,60,47,0,PREVIOUS FAILED,PREVIOUS FAILED
2913,61,47,1,0,1
2914,62,47,1,0,1
2915,1,48,1,0,1
2916,2,48,1,0,1
2917,3,48,1,0,1
2918,4,48,1,0,1
2919,5,48,1,0,1
2920,6,48,1,0,1
2921,7,48,1,0,1
2922,8,48,1,0,1
2923,9,48,1,0,1
2924,10,48,0,3,0
2925,11,48,1,0,1
2926,12,48,1,0,1
2927,13,48,1,0,1
2928,14,48,1,0,1
2929,15,48,1,0,1
2930,16,48,1,0,1
2931,17,48,1,0,1
2932,18,48,1,0,1
2933,19,48,1,0,1
2934,20,48,1,0,1
2935,21,48,1,0,1
2936,22,48,1,0,1
2937,23,48,1,0,1
2938,24,48,1,0,1
2939,25,48,1,0,1
2940,26,48,1,0,1
2941,27,48,1,0,1
2942,28,48,1,0,1
2943,29,48,1,0,1
2944,30,48,1,0,1
2945,31,48,1,0,1
2946,32,48,1,0,1
2947,33,48,1,0,1
2948,34,48,1,0,1
2949,35,48,1,0,1
2950,36,48,1,0,1
2951,37,48,1,0,1
2952,38,48,1,0,1
2953,39,48,0,18,0
2954,40,48,1,0,1
2955,41,48,0,PREVIOUS FAILED,PREVIOUS FAILED
2956,42,48,1,0,1
2957,43,48,1,0,1
2958,44,48,1,0,1
2959,45,48,1,0,1
2960,46,48,1,0,1
2961,47,48,1,0,1
2962,48,48,1,0,1
2963,49,48,1,0,1
2964,50,48,0,18,0
2965,51,48,1,0,1
2966,52,48,0,PREVIOUS FAILED,PREVIOUS FAILED
2967,53,48,0,PREVIOUS FAILED,PREVIOUS FAILED
2968,54,48,1,0,1
2969,55,48,1,0,1
2970,56,48,1,0,1
2971,57,48,0,PREVIOUS FAILED,PREVIOUS FAILED
2972,58,48,0,PREVIOUS FAILED,PREVIOUS FAILED
2973,59,48,0,PREVIOUS FAILED,PREVIOUS FAILED
2974,60,48,0,PREVIOUS FAILED,PREVIOUS FAILED
2975,61,48,1,0,1
2976,62,48,1,0,1
2977,1,49,1,0,1
2978,2,49,1,0,1
2979,3,49,1,0,1
2980,4,49,1,0,1
2981,5,49,1,0,1
2982,6,49,1,0,1
2983,7,49,1,0,1
2984,8,49,0,PREVIOUS FAILED,PREVIOUS FAILED
2985,9,49,1,0,1
2986,10,49,1,0,1
2987,11,49,1,0,1
2988,12,49,1,0,1
2989,13,49,1,0,1
2990,14,49,1,0,1
2991,15,49,1,0,1
2992,16,49,1,0,1
2993,17,49,1,0,1
2994,18,49,1,0,1
2995,19,49,1,0,1
2996,20,49,1,0,1
2997,21,49,1,0,1
2998,22,49,1,0,1
2999,23,49,1,0,1
3000,24,49,1,0,1
3001,25,49,1,0,1
3002,26,49,1,0,1
3003,27,49,1,0,1
3004,28,49,1,0,1
3005,29,49,1,0,1
3006,30,49,1,0,1
3007,31,49,1,0,1
3008,32,49,1,0,1
3009,33,49,1,0,1
3010,34,49,1,0,1
3011,35,49,1,0,1
3012,36,49,1,0,1
3013,37,49,1,0,1
3014,38,49,1,0,1
3015,39,49,1,0,1
3016,40,49,1,0,1
3017,41,49,1,0,1
3018,42,49,1,0,1
3019,43,49,1,0,1
3020,44,49,1,0,1
3021,45,49,1,0,1
3022,46,49,1,0,1
3023,47,49,1,0,1
3024,48,49,1,0,1
3025,49,49,1,0,1
3026,50,49,1,0,1
3027,51,49,1,0,1
3028,52,49,1,0,1
3029,53,49,1,0,1
3030,54,49,1,0,1
3031,55,49,1,0,1
3032,56,49,1,0,1
3033,57,49,0,PREVIOUS FAILED,PREVIOUS FAILED
3034,58,49,0,PREVIOUS FAILED,PREVIOUS FAILED
3035,59,49,1,0,1
3036,60,49,1,0,1
3037,61,49,1,0,1
3038,62,49,1,0,1
3039,1,50,1,0,1
3040,2,50,1,0,1
3041,3,50,1,0,1
3042,4,50,1,0,1
3043,5,50,1,0,1
3044,6,50,1,0,1
3045,7,50,1,0,1
3046,8,50,1,0,1
3047,9,50,1,0,1
3048,10,50,1,0,1
3049,11,50,1,0,1
3050,12,50,1,0,1
3051,13,50,1,0,1
3052,14,50,1,0,1
3053,15,50,1,0,1
3054,16,50,1,0,1
3055,17,50,1,0,1
3056,18,50,1,0,1
3057,19,50,1,0,1
3058,20,50,1,0,1
3059,21,50,1,0,1
3060,22,50,1,0,1
3061,23,50,1,0,1
3062,24,50,1,0,1
3063,25,50,1,0,1
3064,26,50,1,0,1
3065,27,50,1,0,1
3066,28,50,1,0,1
3067,29,50,0,PREVIOUS FAILED,PREVIOUS FAILED
3068,30,50,1,0,1
3069,31,50,1,0,1
3070,32,50,1,0,1
3071,33,50,1,0,1
3072,34,50,1,0,1
3073,35,50,1,0,1
3074,36,50,1,0,1
3075,37,50,1,0,1
3076,38,50,0,PREVIOUS FAILED,PREVIOUS FAILED
3077,39,50,1,0,1
3078,40,50,1,0,1
3079,41,50,1,0,1
3080,42,50,1,0,1
3081,43,50,1,0,1
3082,44,50,1,0,1
3083,45,50,1,0,1
3084,46,50,1,0,1
3085,47,50,1,0,1
3086,48,50,1,0,1
3087,49,50,1,0,1
3088,50,50,1,0,1
3089,51,50,1,0,1
3090,52,50,1,0,1
3091,53,50,1,0,1
3092,54,50,1,0,1
3093,55,50,1,0,1
3094,56,50,1,0,1
3095,57,50,0,PREVIOUS FAILED,PREVIOUS FAILED
3096,58,50,0,PREVIOUS FAILED,PREVIOUS FAILED
3097,59,50,1,0,1
3098,60,50,1,0,1
3099,61,50,1,0,1
3100,62,50,1,0,1
3101,1,51,1,0,1
3102,2,51,1,0,1
3103,3,51,1,0,1
3104,4,51,1,0,1
3105,5,51,1,0,1
3106,6,51,1,0,1
3107,7,51,1,0,1
3108,8,51,1,0,1
3109,9,51,1,0,1
3110,10,51,1,0,1
3111,11,51,0,3,0
3112,12,51,1,0,1
3113,13,51,1,0,1
3114,14,51,1,0,1
3115,15,51,1,0,1
3116,16,51,1,0,1
3117,17,51,1,0,1
3118,18,51,1,0,1
3119,19,51,1,0,1
3120,20,51,1,0,1
3121,21,51,1,0,1
3122,22,51,1,0,1
3123,23,51,1,0,1
3124,24,51,1,0,1
3125,25,51,1,0,1
3126,26,51,1,0,1
3127,27,51,1,0,1
3128,28,51,1,0,1
3129,29,51,1,0,1
3130,30,51,1,0,1
3131,31,51,1,0,1
3132,32,51,1,0,1
3133,33,51,1,0,1
3134,34,51,1,0,1
3135,35,51,1,0,1
3136,36,51,1,0,1
3137,37,51,1,0,1
3138,38,51,1,0,1
3139,39,51,1,0,1
3140,40,51,1,0,1
3141,41,51,1,0,1
3142,42,51,1,0,1
3143,43,51,1,0,1
3144,44,51,1,0,1
3145,45,51,1,0,1
3146,46,51,1,0,1
3147,47,51,1,0,1
3148,48,51,1,0,1
3149,49,51,1,0,1
3150,50,51,1,0,1
3151,51,51,1,0,1
3152,52,51,1,0,1
3153,53,51,1,0,1
3154,54,51,1,0,1
3155,55,51,1,0,1
3156,56,51,0,3,0
3157,57,51,0,PREVIOUS FAILED,PREVIOUS FAILED
3158,58,51,0,PREVIOUS FAILED,PREVIOUS FAILED
3159,59,51,1,0,1
3160,60,51,1,0,1
3161,61,51,1,0,1
3162,62,51,1,0,1
3163,1,52,1,0,1
3164,2,52,1,0,1
3165,3,52,1,0,1
3166,4,52,1,0,1
3167,5,52,1,0,1
3168,6,52,1,0,1
3169,7,52,1,0,1
3170,8,52,0,3,0
3171,9,52,1,0,1
3172,10,52,1,0,1
3173,11,52,1,0,1
3174,12,52,1,0,1
3175,13,52,1,0,1
3176,14,52,1,0,1
3177,15,52,1,0,1
3178,16,52,1,0,1
3179,17,52,1,0,1
3180,18,52,1,0,1
3181,19,52,1,0,1
3182,20,52,1,0,1
3183,21,52,1,0,1
3184,22,52,1,0,1
3185,23,52,1,0,1
3186,24,52,1,0,1
3187,25,52,1,0,1
3188,26,52,1,0,1
3189,27,52,1,0,1
3190,28,52,1,0,1
3191,29,52,1,0,1
3192,30,52,1,0,1
3193,31,52,1,0,1
3194,32,52,1,0,1
3195,33,52,1,0,1
3196,34,52,1,0,1
3197,35,52,1,0,1
3198,36,52,1,0,1
3199,37,52,1,0,1
3200,38,52,1,0,1
3201,39,52,1,0,1
3202,40,52,1,0,1
3203,41,52,1,0,1
3204,42,52,1,0,1
3205,43,52,1,0,1
3206,44,52,1,0,1
3207,45,52,1,0,1
3208,46,52,1,0,1
3209,47,52,1,0,1
3210,48,52,1,0,1
3211,49,52,1,0,1
3212,50,52,1,0,1
3213,51,52,1,0,1
3214,52,52,1,0,1
3215,53,52,1,0,1
3216,54,52,1,0,1
3217,55,52,1,0,1
3218,56,52,1,0,1
3219,57,52,0,PREVIOUS FAILED,PREVIOUS FAILED
3220,58,52,0,PREVIOUS FAILED,PREVIOUS FAILED
3221,59,52,1,0,1
3222,60,52,1,0,1
3223,61,52,1,0,1
3224,62,52,1,0,1
